#漢字	音標	解釋
多	tɔ1a	～少
拖	tʰɔ1a	～拉机
他	tʰa1a	其～
駝	tʰɔ2	骆～
大	tʰai3	～夫，～黄
挪	nɔ2	～用公款
哪	nai3	～里
哪	na2	～吒
那	nai3	～里；姓
羅	lɔ2	姓
鑼	lɔ2	～鼓
籮	lɔ2	～筐
左	ʦɔ3	～右
佐	ʦɔ3	辅～
歌	kɔ1a	唱～，～声
哥	kɔ1b	大～，学生～
個	kɔ5	两～，～别
個	kai5	我～（我的）
可	hɔ3	～能，许～证
蛾	ŋɔ2	飞～扑火
鵝	ŋɔ1b	天～
俄	ŋɔ2	～罗斯
我	ŋɔ2	自～[文]
我	ŋai2	涯，第一人称[白]
餓	ŋɔ3	饥～
荷	hɔ2	～花；薄～
荷	hɔ2	挑，～担，～东西[白]
河	hɔ2	黄～
何	hɔ2	姓；如～
賀	hɔ3	祝～，～礼
阿	ʔa1a	～爸
茄	kʰɛ2	茄子；番～
茄	ka1a	雪～
波	pɔ1a	风～，～浪
菠	pɔ1b	～菜
跛	pɛ1a	～脚（跛足）[训]
簸	pɔi5	～箕甲（蛇），～谷
簸	pʰɔ1a	颠～
坡	pʰɔ1a	山～，～度
玻	pɔ1a	～璃
破	pʰɔ5	～坏
婆	pʰɔ2	老～
薄	pʰɔk8a	～荷
魔	mɔ1b	～术，～鬼
磨	mɔ2	～刀，水～[动]
磨	mɔ2	～豆浆[动]
摩	mɔ1b	～擦，按～
磨	mɔ2	石～[名]
朶	tɔ3	一～花，花～
躱	tɔ3	～避，～开
刴	tiɔk7	～猪肉，～肉丸[训]
妥	tʰɔ5	～当
橢	tʰɔ3	～圆
唾	sui2	～弃，～液
惰	ʦʰui2	～性
糯	nɔ3	～米
騾	lɔ2	骡
螺	lɔ2	田～
腡	lɔ2	手指纹
囉	lɔ1a	喽～，～嗦
裸	lɔ3	～体
銼	ʦʰɔ5	～刀
坐	ʦʰɔ1a	～车，～稳
座	ʦʰɔ3	～位，上～
梭	ɬɔ1a	穿～，～子蟹
唆	sɔ1a	～使
鎖	ɬɔ3	～匙
瑣	ɬɔ3	～碎，烦～
戈	kʰɔ1a	干～，～壁
果	kɔ3	水～
裹	kɔ3	包～
過	kɔ5	～去，～头
科	fɔ1a	～学，文～
棵	hɔ1b	一～树
顆	fɔ3	一～珍珠，～粒
課	fɔ5	上～
臥	ŋɔ3	～室，～铺
火	fɔ3	着～，～车
夥	fɔ3	合～，～计
貨	fɔ5	～车，百～
和	fɔ2	～平[文]
和	vɔ2	～尚[白]
禾	vɔ2	割～，～苗
禍	vɔ3	大～临头，～害
和	fɔ2	唱～，～诗
倭	vɔ1a	～寇
窩	vɔ1a	～囊废，～藏
靴	hɛ1b	皮～
巴	pa1a	～掌，～结，～黎
芭	pa1a	～蕉，～蕾
疤	pa1a	伤～
把	pa3	～握，～脉
壩	pa5	堤，溪～
吧	pa1b	酒～
垻	pa5	平地，湖洋～
爸	pa1a	爸爸
怕	pʰa5	害怕，惊～
帕	pʰɐk8a	手～
爬	pʰa2	～树
琶	pʰa2	琵～
杷	pʰa2	枇～
耙	pʰa2	犁耙
麻	ma2	天～，～烦
痲	ma2	出～（得痳疹），～风
蟆	mɔ1b	蛤～（蟾蜍）
媽	ma1b	妈妈
媽	ma1b	～祖
馬	ma1a	骑～，～虎
碼	ma1a	～头，大～
罵	ma5	～人
茶	ʦʰa2	～叶
楂	ʦa1a	山～
渣	ʦa1a	药～
詐	ʦa5	～骗
榨	ʦa5	～菜，～油
炸	ʦa5	～药
叉	ʦʰa1b	刀～，～腰
杈	ʦʰa1b	桠～，树～
差	ʦʰa1a	～别
岔	ʦʰa5	～路
査	ʦʰa2	调～
沙	ɬa1a	泥～，～漠
紗	ɬa1a	～布
灑	ɬɐm2	～水
廈	ha3	偏廈（厢房）
痧	ɬa1a	发～，刮～
家	ka1a	老～，～庭
砂	ɬa1a	朱～，～纸
加	ka1a	～工
□	pa1a	結痂
嘉	ka1a	～宾
假	ka3	真～，～设
賈	ka3	姓，～宝玉
假	ka3	放～，～期
架	ka5	书～
駕	ka5	～驶证
嫁	ka5	～人
稼	ka5	庄～，邓～先
揢	nian3	用虎口掐
牙	ŋa2	～齿，刷～
芽	ŋa2	豆～
衙	ŋa2	～门
雅	ŋa3	文～；～典（国名）
砑	ŋian2	碾，～平，～碎
蝦	ha1b	鱼～，～公
嚇	hæk8a	～人
霞	ha3	晚～
瑕	pʰa3	～疵
蝦	ha1b	～蟆（蟾蜍）
下	ha3	～背，底～
下	ha1a	取下，～下来
夏	ha3	姓
廈	ha3	～门，大～
下	ha3	～降，～流
夏	ha3	春～秋冬
鴉	ʔa1a	老～，乌～，～片
丫	ʔa1b	～鬟，～头
椏	ʔa1a	～杈
啞	ʔa3	哑巴，～佬
亞	ʔa1a	～洲，～军
姐	ʦia3	小～[文]
姐	ʦia3	姐姐[白]
借	ʦia5	～钱
且	ʦʰia3	而～，况～
笡	ʦʰia5	斜，～～（歪斜的样子）
藉	ʦia5	～故，～口
□	tiɐt7	一些
寫	ɬia3	～字
瀉	ɬɛ5	腹～，一～千里
卸	ɬɛ5	～货，推～
邪	ʦʰia1a	～气，～门歪道
斜	ʦʰia1a	倾～[文]
斜	ʦʰia1b	不正[白]
謝	ʦʰia3	多～；姓
爹	tɛ1a	～娘
遮	ʦa1a	遮挡[动]；伞[名]
者	ʦia3	记～，作～
蔗	ʦa5	甘蔗
車	ʦʰa1a	火～
扯	ʦʰa3	～开，～烂
蛇	sa2	毒～
射	sa3	发～，～箭
麝	sa3	～香
賒	sa1a	～帐
捨	sa3	～唔得（舍不得）
赦	sa5	～免
舍	sa5	宿～
社	sa1a	～会，公～
惹	ja1a	～事
耶	jai2	～稣
爺	ja2	父亲；爷爷[文]
也	ja5	～知
野	ja1a	～人
夜	ja3	日～，～班
傻	sɔ2	～瓜，～子
瓜	ka1a	西～，～分
蝸	vɔ1a	～牛
寡	ka3	～妇，守～
剮	kɔk8a	千刀万～
誇	kʰa1a	～大，～张
垮	kʰa1a	～台
跨	kʰa1a	～栏，～度
娃	va1a	洋～～
瓦	ŋa3	～片
花	fa1a	开～
化	fa5	变～
華	fa2	中～
劃	vɐt8a	～船
華	fa2	～山；姓
蛙	va1a	青～，～泳
補	pu3	～鞋，～充
譜	pʰu3	族～，歌～
布	pu5	红～，～料
佈	pu5	公～，～置
鋪	pʰu1a	～路，床～
普	pʰu3	～通，～遍
浦	pʰu3	黄～江
鋪	pʰu5	店～，当～
怖	pu5	恐～
蒲	fok8a	（石）菖～
菩	pʰɔ2	～萨
部	pʰu3	～队，干～
簿	pʰu3	练习～，帐～
步	pʰu3	跑～
捕	pʰu3	逮～，～快
埠	fɐi3	开～
埠	fɐi3	庵～，蚌～（地名）
模	mɔ2	～型，～范
摹	mɔ2	～仿，描～
暮	mu5	日暮
慕	mu5	羡～，～名而来
墓	mu5	坟～，～地
募	mu5	～捐
都	tu1a	首～，～市
都	tu1a	都是
堵	ɬɐt7	～车，～塞
賭	tu3	～博
肚	tu3	猪～，鱼～
妒	ki5	～忌
土	tʰu3	～地
吐	tʰɔ5	～痰；呕～
兔	tʰu5	野～
徒	tʰu2	～弟
屠	tʰɔ2	～杀
途	tʰu2	前～
塗	tʰu2	糊～，～改
圖	tʰu2	画～，地～
杜	tʰu3	姓；杜仲（中药）
肚	tʰu3	肚子
度	tʰu3	～数，长～
渡	tʰu3	偷～，摆～
鍍	tʰu3	电～
奴	nu2	～隶
努	nu3	～力
怒	nu5	愤～，～气
盧	lu2	姓
爐	lu2	火～
蘆	lu2	～苇
鸕	lu2	～鹚（扁嘴善捕鱼的水鸟）
魯	lɔ3	～国，～迅
虜	lɔ3	俘～
滷	lɔ3	盐～，～水
路	lu3	大～
賂	lu3	贿～
露	lu5	～水，白～，打～
鷺	lu5	白～
租	ʦu1a	～金，出～
祖	ʦu3	～宗，～国
組	ʦu3	～织，小～
做	ʦɔ5	～好事
粗	ʦʰu1a	～心
醋	ʦʰu5	陈～
措	ʦʰu5	～施
錯	ʦʰɔ5	～误
蘇	ɬu1a	～州；姓
酥	ɬu1b	脆，杏仁～
素	ɬu5	～菜，朴～
訴	ɬu5	上～，倾～
塑	ɬɔk8a	雕～，～料
姑	ku1a	大～
孤	ku1a	～儿，～单
箍	kʰu1a	紧～咒[文]
□	fɔk8a	围束，箍桶[白]
古	ku3	～代
估	kʰu1a	～计
牯	ku3	牛～
股	ku3	～票
鼓	ku3	锣～，～励
故	ku5	～事，～乡
蠱	ku3	养～，～惑
固	ku5	～定
錮	ku5	禁～
雇	ku5	～人，～主
顧	ku5	照～
枯	kʰu1a	干～，～水
苦	fu3	辛～，食～（吃苦）
苦	fu3	～味
庫	fu5	水～，仓～
褲	fu5	裤子
吳	ʔŋ̍2	姓
蜈	ʔŋ̍2	～蚣
梧	ʔŋ̍2	～桐
五	ʔŋ̍3	数字
伍	ʔŋ̍3	姓；队～
午	ʔŋ̍3	中～，端～
誤	ʔŋ̍3	～会，错～
悟	ʔŋ̍3	觉～；孙～空
呼	fu1a	称～，～吸，招～
虎	fu3	老～
虎	fu1a	马～
滸	fu3	水～
戽	fu5	～水（泼水），～斗
胡	fu2	二～ ；姓
湖	fu2	西～
狐	fu2	～狸
壺	fu2	水～
乎	fu2	在～
瓠	pʰu2	瓠卢，同葫芦
鬍	fu2	～须
蝴	fu2	～蝶
糊	fu2	浆～，～涂
戶	fu3	～口
滬	lu2	上海简称
互	fu5	～相
護	fu5	保～，～士
瓠	fu2	瓠瓜（味似葫芦而长）
烏	vu1a	黑
污	vu1a	～染
塢	vu1a	船～
惡	vu5	可～
女	ȵy3	女人
廬	lu2	～山
驢	lu2	毛驴
呂	ly1a	姓
旅	ly1a	～游
慮	lui3	考～
濾	lui3	过～
蛆	ʦʰui1a	蛆虫，生～
絮	ɬui5	棉～
徐	ʦʰy2	姓
序	ʦʰui3	顺～
敍	ʦʰui3	倒～
緖	sui5	情～；光～
豬	ʦy1a	～肉
著	ʦy5	～名，显～
除	ʦʰy2	～法
儲	ʦʰy3	～蓄
箸	ʦʰy3	筷子
阻	ʦɔ3	～止，～力
初	ʦʰɔ1a	当～，～中
礎	ʦʰɔ3	基～
鋤	ʦʰɔ3	～草，～禾日当午
助	ʦʰɔ3	帮～
梳	ɬɔ1a	梳子[名]；梳头[动]
疏	ɬɔ1a	～远；稀疏
疏	ɬɔ1a	生～
蔬	ɬɔ1a	～菜
所	ɬɔ3	～以；派出～
疏	ɬɔ1a	注～
諸	ʦy1a	姓；～如此类
煮	ʦy3	～饭
處	ʦʰy5	～理
處	ʦʰy5	～所
書	sy1a	读～
舒	sy1a	～服
暑	sy3	～假
鼠	sy3	老～
庶	sa5	～民
署	sy3	～名
薯	sy2	番～
如	ȵy2	～果，假～
居	ky1a	～民
車	ky1a	象棋，～马炮
舉	ky3	～报，～重
據	ky5	收～
鋸	ky5	电～
鬧	nau3	～日：墟日
去	si5	来～，过～
渠	kʰy3	水～，～道
佢	kʰy3	他，第三人称
巨	kʰy3	～大
拒	kʰy3	～绝
距	kʰy3	～离
魚	ȵy2	金～
漁	ȵy2	～业，～夫
語	ȵy3	～文
御	jy3	～用文人
禦	jy3	防～
噓	ʦʰa1a	吹～
許	hy3	允～；姓
於	jy1a	在～
淤	vu1a	～泥
余	jy2	姓
餘	jy2	多～
與	jy3	参～，给～，～众不同
予	jy3	给～
譽	jy3	荣～
預	jy3	～报，～备
豫	jy2	犹～
夫	fu1a	～妻，车～
膚	fu1a	皮～
府	fu3	政～
腑	fu3	五脏六～
俯	fu3	～卧撑，～视
甫	pʰu3	杜～
脯	pʰu2	菜～（萝卜干）
斧	fu3	～头
付	fu5	应～
咐	fu5	吩～
賦	fu5	天～
傅	fu3	师～[文]
傅	fu5	姓[白]
敷	fu1a	～衍，～药
俘	fu1a	～虏
孵	fu1a	孵小鸡
撫	fu3	～养，安～
黴	mɔi2	食物长毛变质，臭～
赴	fu5	奔～，～汤蹈火
訃	pok7	～告
符	fu2	～合，鬼画～
扶	fu2	～贫，～手[文]
扶	fu2	搀扶，～起来[白]
芙	fu2	～蓉
父	fu3	～亲
釜	fu3	破～沉舟
腐	fu3	～败
腐	fu3	豆～
輔	fu5	～导，～助
附	fu3	～近，～带
無	mɔ2	没有，～中生有[文]
無	mɔ2	没有，～事[白]
巫	mɔ1b	姓；～婆
誣	mɔ2	～陷，～告
武	vu3	～器，～术
舞	mu3	跳～
舞	mu3	拨弄，摆弄[白，动]
侮	mu3	～辱
鵡	vu3	鹦～
務	mu5	任～，～农
霧	mu5	大～
縷	lɐi2	千丝万～
屢	lui3	～次，～教不改
趨	ʦʰy1a	～势
取	ʦʰui3	～钱
趣	tʰui5	兴～
聚	ʦʰui3	～会
聚	ʦʰui3	捡～（收拢）[白]
須	ɬui1a	必～
鬚	ɬu1a	胡～
需	ɬui1a	～要
續	ʦʰok8a	连～，继～
誅	ʦy1a	天～地灭
蛛	ʦy1a	蜘～
株	ʦy1a	守～待兔
駐	ʦʰy3	～扎
註	ʦy5	～释
櫥	ʦʰy2	碗～
柱	ʦʰy1a	柱子
住	ʦʰy3	～宿
雛	ȵəu5	～形
數	ɬɔn5	～落，～星星[动]
數	ɬu5	～字，～学
朱	ʦy1a	姓
珠	ʦy1a	珍～
主	ʦy3	～人，地～
注	ʦy5	～意
蛀	ʦʰy1a	～虫
鑄	ʦy5	～铁，～钢
樞	kʰy1a	中～，～纽
輸	sy1a	～赢
戍	ɬɐp7	～边
輸	sy1a	运～
殊	sy2	特～
豎	sy3	横～
樹	sy3	～立，种～
儒	jy2	～家思想
乳	ȵui3	哺～，母～[文]
乳	ȵɐp7	食～（吃奶），麦～精[训]
拘	kʰy1a	～留
倶	kʰy3	～备，～乐部
矩	kui3	规～，～形
句	ky5	～号
區	kʰy1a	地～，～别
驅	kʰy1a	先～，～动
具	kʰy3	～体
懼	kʰy3	恐～
愚	jy2	～蠢，～公移山
虞	ʔŋ̍2	姓，～姬
娛	jy2	～乐
遇	jy3	遭～，相～，～到
寓	jy3	～言；公～
迂	jy1a	～回，～腐
于	jy1a	姓；等～
雨	sui3	落～，谷～，～水
宇	jy3	～宙
羽	jy3	～毛球
芋	vu5	芋头
逾	jy2	超过，～期
愈	jy3	病～
喩	jy3	比～
裕	jy3	富～
獃	ŋɔn5	*书～子，发～[文]
□	ŋɔn5	发呆：发~
戴	tai5	姓；～帽
胎	tʰɔi1a	双胞～，～盘
台	tʰɔi2	天台
態	tʰai5	～度，心～
貸	tʰai5	～款
臺	tʰɔi2	～湾
苔	tʰɔi2	青～，舌～
抬	tʰɔi2	两个人抬
待	tʰɔi3	等～，～人接物
怠	tʰɔi2	～慢，～工
代	tʰɔi3	～替，～表
逮	tʰi3	～捕
袋	tʰɔi3	袋子
乃	nai1a	安～近；人名用字
耐	nai3	～力，～心，忍～
來	lɔi2	过～，～去
災	ʦɔi1a	水～
栽	ʦɔi1a	种，～培
宰	ʦɔi3	～相
載	ʦɔi5	一年半～
再	ʦɔi5	～来
猜	ʦʰai1a	～谜
彩	ʦʰɔi3	～色
採	ʦʰɔi3	～集
睬	ʦʰɔi3	理睬
菜	ʦʰɔi5	煮～，青～
才	ʦʰɔi2	人～，～气，秀～
材	ʦʰɔi2	材，药～，～料
財	ʦʰɔi2	财，发～
裁	ʦʰɔi2	裁，～纸，剪～
纔	tʰɔi2	刚～
在	ʦʰɔi3	实～，现～[文]
在	ʦʰɔi1a	存在，还～[白]
載	ʦɔi5	满～而归
腮	ɬɔi1a	～腺炎，～红
鰓	ɬɔi1a	鱼鳃
賽	ɬɔi5	比～
該	kɔi1a	应～
改	kɔi3	修～，～正
概	kɔi5	大～，～括
溉	kʰɔi5	灌～
開	hɔi1a	公～，～门
凱	ŋɔi3	～旋
慨	kʰɔi5	慷～，感～
咳	kʰam3	～嗽，止～糖浆
呆	ŋɔi2	～板
礙	ŋɔi3	妨～
海	hɔi3	大～
孩	hɔi2	～童
亥	hɔi3	辛～革命
哀	ʔɔi1a	悲～
埃	ʔai1a	尘～，～及
貝	pei5	宝～
貝	pei5	川～，～壳
沛	pʰei5	充～
帶	tai5	鞋～
太	tʰai5	老～婆
泰	tʰai5	～山
大	tʰai3	大小
賴	lai3	依～，无～；姓
癩	lai3	～蛤蟆[文]
癩	lai5	～哥（癞疮）[白]
蔡	ʦʰɔi5	姓
蓋	kɔi5	～被[动]；盖子[名]
丐	kɔi5	～帮
艾	ʔai5	姓；～滋病
艾	ŋɛ5	艾草
害	hɔi3	～人
藹	ʔɔi3	和～，宋～龄
排	pʰai2	～队
□	hoŋ1a	埋伏
齋	ʦai1a	食～（吃斋）
豺	ʦʰɔi2	～狼
皆	kai1a	～大欢喜
階	kai1a	台～，～级
介	kai5	～绍，中～
界	kai5	世～
芥	kai5	～菜
尬	kai5	尴～
疥	kai5	～疮
屆	kai5	第一～
戒	kai5	～烟，猪八～
楷	kai1a	～书，～模
諧	hai2	和～
駭	hɔi3	惊～，～人听闻
械	hai3	机～
挨	ʔai2	～打，～近
擺	pai3	摇～
派	pʰai5	正～，～出所
牌	pʰai2	～坊，～匾[文]
牌	pʰai2	打～[白，训]
㵺	pʰai2	竹排
稗	pʰai3	～草
買	mai3	～卖
賣	mai1a	买～
奶	nai5	二～，～牛
債	ʦai5	欠～
釵	ʦʰa1b	宝～
差	ʦʰai1a	出～
柴	ʦʰai2	姓；火～
篩	sia1a	～选，～米
灑	sa3	潇～，～水
佳	kai1a	～人，～节
街	kai1a	～路
解	kai3	～释，讲～[文]
解	kai3	～开[白]
懈	hai3	松～，坚持不～
涯	ŋai2	天～
崖	ŋai2	悬～
捱	ŋai2	难～，～苦
鞋	hai2	布～
解	kai3	懂了，理～，了～
蟹	hai3	老～
矮	ʔai3	高矮
敗	pʰai3	失～
邁	man3	豪～，～步
寨	tʰai3	山～，大～
蔽	pi5	隐～
弊	pʰi3	作～
幣	pʰi3	人民～
斃	pi3	枪～
例	lɛ1a	举～，～外
厲	li3	严～，～害
勵	li3	鼓～
祭	ʦɛ5	～祀
際	ʦɛ5	国～
滯	ʦʰɛ3	停～，湿～（中医）
制	ʦɛ5	～度
製	ʦɛ5	～造
世	sɛ5	～界
世	sɛ5	出～
勢	sɛ5	～力，有权有～
誓	ʦɛ5	发～
逝	sɛ3	～世
藝	ŋɛ3	～术，文～晚会
蓖	pi1a	～麻
閉	pi5	关～
篾	miɛt1a	蒸笼中的竹屉
批	pʰɛ1a	～评，大～
批	pʰɛ1a	螺丝～
陛	pi5	～下
迷	mi2	入～，～路
米	mi3	大米
謎	pi2	～语，猜～
低	tʰɛ1a	高～
堤	tʰi2	河～，～坝
底	tɛ3	水～
抵	tɛ3	～押
抵	tɛ3	用手抵挡
帝	ti5	皇～
梯	tʰɔi1a	楼～
蒂	ti5	花～，并～莲
體	tʰi3	～育，身～
替	tʰɛ5	代～，～身
涕	tʰɛ5	～泪纵横
剃	tʰɛ5	～头
拖	tʰɔ1b	抽屜
題	tʰi2	～目，难～
提	tʰi2	～问，～醒
蹄	tʰi2	马～
啼	tʰi2	哭哭～～[文]
啼	tʰɛ2	鸡～[白]
弟	tʰi3	兄～[文]
弟	tʰi3	弟弟，老～[白]
第	tʰi3	～一，门～
遞	tʰi3	传～，邮～员
泥	nɛ2	水～，地～（地板）
犁	lɛ2	耕田用具
黎	lɛ2	～民，～明；姓
禮	li1a	～貌
麗	lɛ3	秀～
隸	tʰi3	奴～，～属
擠	ʦɛ1a	拥～，～时间
濟	ʦɛ5	～公，经～
妻	ʦʰi1a	夫～
砌	tʰɛ5	～墙
齊	ʦʰɛ2	～国[文]
齊	tʰɛ2	整～，放～，来～[白]
臍	ʦʰi1b	肚～，～带
劑	ʦɛ1a	一～药，药～
西	ɬi1a	东西南北
棲	ɬi1a	两～动物
犀	ɬi1a	～牛
洗	ɬɛ3	～菜，～衣机
細	ɬɛ5	粗细，大小
婿	ɬɛ5	女～
雞	kɛ1a	～公（公鸡）
稽	kʰɛ1b	～查，滑～
計	kɛ5	～算，会～
繼	kɛ5	～续，～承
繫	kɛ1a	～皮带
髻	kɛ5	发髻；鸡～（鸡冠）
溪	kʰɛ1a	～水
啟	tʰɛ3	～发
契	kʰɛ5	房～，～约
倪	ȵi2	姓，～萍
奚	kʰɛ1a	～落
兮	kʰɔi1a	神经～～
系	hɐi5	中文～，～统
繫	hɐi5	联～
係	hɐi5	关～[文]
係	hɐi5	是[白]
杯	pei1b	茶～
輩	pei5	～分，长～
背	pei5	违～，后～
胚	pʰi1a	～胎
坯	pʰɔi1a	泥～，毛～房
配	pʰei5	分～，搭～
培	pʰɔi2	～训
陪	pʰɔi2	～同
賠	pʰɔi2	～钱
倍	pʰɔi3	～数
佩	pʰei5	～服
背	pɔi5	～书
焙	pʰɔi3	～火
梅	mɔi2	～花
枚	mɔi2	两～
媒	mɔi2	～人
煤	mɔi2	烧～，～矿
玫	mɔi2	～瑰
每	mei1a	～只，～日
莓	mɔi2	草～
妹	mɔi5	妹妹，姊～，老～
昧	mei3	愚～，拾金不～
堆	tɔi1b	一～[量]，～放[动]
對	tui5	～错；成双成～
碓	tɔi5	舂米工具，踏～
推	tʰui1a	～荐，～动
腿	tʰui3	～部，火～
退	tʰui5	后～，～步[文]
退	tʰui5	向后退[白]
隊	tʰui3	～伍，排～
內	nɔi3	～行，～外
雷	lui2	打～，～公；姓
累	lui3	劳～
催	ʦʰui1a	～促，～眠
崔	tʰui1a	姓，～莺莺
摧	ʦʰui1a	～残
罪	tʰui3	得～，犯～[文]
罪	tʰui3	～过（可怜、难受）[白]
碎	ɬui5	～布，破～
盔	kʰui1a	头～，～甲
魁	vai2	～梧，花～
恢	fɔi1a	～复
塊	mɐn1b	一～钱
桅	ŋɐi2	～杆
灰	fɔi1a	石～，～色
賄	fɐi3	受～，～赂
悔	fɐi3	后～
晦	fɐi3	～气
回	fɐi2	～想[文]
回	fɐi2	～礼[白]
茴	fɐi2	～香
匯	fɐi3	～报，～款
潰	kʰui5	～疡，胃～疡
煨	vɔi1a	～番薯
蛻	tʰui5	～变，～皮，～壳
兌	tʰui5	～水，～换
最	ʦui5	～好
會	fei3	～计
劊	ky5	～子手
外	ŋɔi3	～面
會	fei3	开～
會	fei3	～睡，～来
繪	væk8a	～图，测～
乖	kai1a	小孩听话
怪	kai5	奇～
懷	vai2	～疑
槐	fai2	～树
淮	vai2	～河，～北
壞	vai3	～人
拐	kuai3	～卖，铁～李
拐	kuai3	～脚（瘸腿）
掛	kʰa5	～起来，牵～，～钩
卦	kua5	八～
歪	vai1b	～风邪气
畫	væk8a	～图，图～
快	fai5	～车
筷	fai5	公～
話	va3	笑～，讲～[文，名]
話	va3	讲～[白，名]
話	va3	说[白，动]
脆	ʦʰui5	干～[文]
脆	ʦʰui5	易断[白]
歲	ɬɔi5	万～，～月[文]
歲	ɬɔi5	十～，～数[白]
綴	ʦʰui3	点～
贅	ʦʰui3	累～，入～
稅	sɔi5	交～，～收
衛	vei3	～生
銳	jui3	尖～，～角
廢	fei5	～品，作～
肺	fei5	猪～
吠	hian3	狗～
穢	ji2	淫～，污～
圭	kuɐi2	人名用字；乌拉～
閨	kuɐi1a	～房
桂	kuɐi5	～花
奎	kʰuɐi2	人名用字；～宁（药名）
攜	kʰuɐi2	～带，提～
惠	vɐi3	～州，优～
慧	vɐi3	智～
碑	pi1a	石～，～文
卑	pi1a	自～，～鄙
彼	pʰi3	～此
臂	pi5	手～，～力
披	pʰi1a	～肩，～露
譬	pi3	～喻，～如
皮	pʰi2	调～，～肤
疲	pʰi2	～劳
脾	pʰi2	～胃，～气
被	pʰi1a	被子，毛巾～
被	pʰi3	～动，～迫
避	pʰi3	逃～
糜	fu2	～烂；粥
彌	ȵi2	～补，阿～陀佛
離	li2	～別，～开
籬	li2	～笆
璃	li2	玻～
荔	li2	～枝
紫	ʦi3	～色
雌	ʦʰi1a	～雄
此	ʦʰi3	到～为止
刺	ʦʰi5	～激，穿～
疵	ʦʰi1a	瑕～，吹毛求～
斯	sia1a	～大林
撕	si1a	～烂
璽	sai3	玉～
賜	ʦʰi5	赏～
知	ʦi1a	通～，～道，无～[文]
知	ʦi1a	～识[文]
知	ʦi1a	知道，唔～[白]
蜘	ʦi1a	～蛛
智	ʦi5	～慧
池	ʦʰi2	水～
馳	ʦʰi2	奔～
差	ʦʰai1a	参～不齐
篩	ɬi1a	谷～，米～
支	ʦi1b	两～笔[白，量]
支	ʦi1a	～持，天干地～[文]
枝	ʦi1a	树～
肢	ʦi1a	四～，～体
梔	ʦi1a	黄～（水横枝、黄果）
紙	ʦi3	白～
只	ʦɐt7	～有
侈	kʰi1a	奢～
舐	sai3	舔
施	si1a	措～；姓
翅	ʦʰi5	鱼～
匙	si2	锁～，汤～
是	si3	～否，～非
氏	sɐt8a	姓～
豉	si3	豆～
兒	ȵi2	～童
爾	ȵi2	～虞我诈；保～（人名）
寄	ki5	～信，～托
企	kʰi1a	～业，～鹅
奇	ki2	～怪
騎	kʰi2	～马
騎	kʰi2	～楼
岐	kʰi2	～山
徛	kʰi1a	站立；（山）斜度高
技	kʰi5	～术[文]
技	kʰi5	杂～[白]
妓	kʰi5	～女
宜	ȵi2	适～，～昌
儀	ȵi2	礼～，～式
蟻	ȵɛ5	蚂蚁，白～
誼	ȵi2	友～
義	ȵi5	情～，～气
議	ȵi5	～论，会～
犧	hi1a	～牲
戲	hi5	做～
倚	ji3	～靠，～老卖老
椅	ji3	椅子，藤～
移	ji2	～动
易	ji3	容～
悲	pi1a	～伤
鄙	pi1a	卑～，～视[文]
鄙	pi1a	差劲[白]
比	pi3	～较，对～
祕	pi5	～书，～密
泌	pi5	分～；滤出汤汁
庇	pi5	包～，～护
痹	pi5	麻～
丕	pʰi1a	人名用字，曹～
屁	pʰi5	放～
琵	pʰi5	～琶
枇	pʰi2	～杷
備	pʰi3	准～，～用
鼻	pʰi3	鼻子；鼻涕
篦	kɛ5	篦子（很密的梳子）
眉	mi2	眉毛，画～
楣	mi2	门～
黴	mɔi2	发～，倒～
美	mi1a	～丽，～化
媚	mi2	～眼，妩～；人名用字
寐	mei3	梦～以求，假～
地	tʰi3	土～
尼	nɛ2	～姑
膩	nɛ3	油～，细～
梨	li2	梨
履	ly1a	～行，～历
利	li1a	～润，有～
痢	li1a	～疾
痢	li1a	癞～（头屑）
資	tia1a	～本
姿	ʦi1a	～势
咨	ʦi1a	～询
姊	ʦia3	～妹
次	ʦʰi5	名～，～品
瓷	ʦʰi5	～砖，陶～
餈	si2	糍粑，糯米～
自	ʦʰia3	～私
私	sia1a	自～
死	ɬi3	～人
四	ɬi5	数字
肆	ɬi5	放～
致	ʦi5	导～
遲	ʦʰi2	～到，推～
稚	ʦi5	幼～
師	sa1a	老～，～父
獅	sa1a	狮子
脂	ʦi1a	～肪，胭～
旨	ʦi3	圣～
指	ʦi3	手～，～甲
至	ʦi5	～少
示	si5	表～
屍	si1a	～体，死～
屎	si3	狗～
視	si5	近～
二	ȵi5	数字
貳	ȵi5	～心
飢	ki1a	～饿
肌	ki1a	～肉
几	ki1a	茶～
冀	kʰɛ5	河北简称，晋察～
器	hi5	武～，机～，～重
棄	hi5	放～，抛～
祁	kʰi2	～连山
伊	ji1a	～犁；姓
夷	ji2	化险为～，蛮～
姨	ji2	大～，～丈
肄	hi5	～业
你	ȵi2	～们，第二人称[文]
你	ȵi2	第二人称[白]
釐	li2	～米
狸	li2	狐～
李	li3	姓；水果
里	li1a	公～
裏	ly3	～外，～背（里面）
理	li1a	道～，～由
鯉	li1a	～鱼
吏	sia3	官～
滋	ʦi1a	～味
子	ʦia3	～孙；孔～
梓	ʦi3	桑～；曾宪～
慈	ʦʰi2	～悲，～禧太后
磁	ʦʰi2	～铁，～场
字	ɬia3	～典，文～
司	ɬia1a	公～，～令
絲	ɬia1a	～绸
思	ɬia1a	～想
伺	ɬia3	～候，～机而动
思	ɬia1a	意～
辭	ʦʰi2	～职，告～
詞	sia1a	歌～
祠	ʦʰi2	～堂
似	ʦʰi5	相～，～乎[文]
似	ʦʰi5	好～（好像）[白]
祀	ki5	祭～
巳	ji3	地支，～时
寺	sia3	～庙，灵光～
嗣	sia2	后～；谭～同
飼	ʦʰia3	～料，～养[文]
飼	ʦʰia3	喂饭[白]
置	ʦi5	布～
癡	ʦʰi1a	白～，～呆
恥	ʦʰi3	～辱
持	ʦʰi2	支～
痔	ʦi5	～疮
治	ʦʰia3	～安，统～[文]
治	ʦʰia3	～鸡，～猪[白]
廁	ʦʰi5	～所，公～
士	sia3	～兵
仕	sia3	～途
柿	ʦi5	柿子，～饼
事	ʦia3	～实，～情[文]
事	sia3	做～[白]
使	sia5	～用，假～，大～馆
史	si3	历～
駛	sia3	驾～
之	ʦia1a	～前
芝	ʦia1a	灵～，～麻
止	ʦi3	停～，～血
趾	ʦi3	脚～
址	ʦi3	地～
志	ʦi5	～气，～愿
誌	ʦi5	县～，标～
痣	ʦi5	乌～
齒	ʦʰi3	牙～
詩	sia1a	～人
始	si3	开～，～终
試	si5	考～[文]
試	ʦi5	试试[白]
時	si2	～间，当～
巿	si3	～场，城～
侍	sia3	服～，～卫
而	ȵi2	～且，反～
耳	ȵi3	耳朵，中～炎
基	ki1a	～本，地～
箕	ki1a	畚～
己	ki3	自～
紀	ki3	～律
記	ki5	笔～，～号
欺	hi1a	～负
起	hi3	起
杞	ki3	枸～
其	kʰi2	～他，～实
棋	kʰi2	围～，捉～（下棋）
期	kʰi2	日～
旗	kʰi2	红～
忌	ki5	禁～，～讳，～日[文]
忌	ki5	做～（做法事）[白]
疑	ȵi2	怀～
擬	ȵi3	模～，～人
嬉	hi3	玩，～戏
煕	hi1a	康～
嘻	hi3	～皮笑脸
醫	ʔi1a	～生
意	ji5	～思
怡	ʔi2	心旷神～；人名用字
已	ji3	～经
以	jy5	可～，～为
異	jy5	～同
幾	ki1a	～乎
機	ki1a	～会，飞～
譏	ki1a	～笑
饑	ki1a	～荒
幾	ki3	～只
幾	ki3	～何
旣	ki5	～然
豈	hi3	～有此理
氣	hi5	～人，空～
汽	hi5	～水，～车
祈	kʰi2	～祷
毅	ŋɛ3	～力
希	hi1a	～望
稀	hi1a	～少
衣	ji1a	外～；花生皮
依	ji1a	～靠
累	lui3	积～
累	lui3	连～
嘴	ʦɔi5	嘴巴[文]
嘴	ʦɔi5	嘴巴[白，训]
髓	ɬɔi3	骨～
隨	ʦʰui2	～时，～便
吹	ʦʰui1a	～牛皮，～喇叭
炊	ʦʰui1a	野～
垂	sui2	下～，～头丧气
睡	sɔi3	睡觉
瑞	ɬui3	～金；董存～
蕊	ȵui3	花～
規	kʰui1a	～定，圆～
詭	kuɐi3	～计多端
虧	kʰuɐi1a	食～（吃亏）
窺	kʰuɐi1a	偷～
跪	kʰuɐi3	下～
危	ŋɛ2	～险，安～
僞	ŋɛ3	虚～
毀	fei3	～灭
萎	vei3	枯～
委	vei3	～托，常～
爲	vɐi2	作～，行～，～人
爲	vɐi2	～什么
壘	lui2	堡～，～球
類	lui3	分～
淚	lui3	眼～
醉	ʦui5	～酒
翠	ʦʰui5	翡～
悴	ɬui5	憔～
雖	ɬui1a	～然
粹	ɬui5	纯～
遂	ɬui3	杀人未～
隧	ɬui3	～道
穗	vɐi3	谷～
追	ʦui1a	～求[文]
追	ʦui1a	追赶，赶走[白]
槌	ʦʰui2	木～[名]；[动]
錘	ʦʰui2	铁～[名]；[动]
墜	ʦʰui3	下～，玉～[文]
墜	ʦʰui3	目～～[白]
衰	sui1a	～弱，～老[文]
衰	sui1a	运气不好[白]
摔	tɐp8a	～跤
帥	ɬɔi5	元～
錐	ʦui1a	圆～
水	ʦui3	～果，～平
誰	ʦui2	疑问代词
龜	kuɐi1a	乌～
軌	kuɐi3	铁～
癸	kʰuɐi2	天干
愧	kʰuɐi5	惭～
季	kuɐi5	四～，～节
逵	kʰuɐi2	人名用字，李～
葵	kʰuɐi2	向日～，～花籽
櫃	kʰuɐi3	～台
位	vɐi3	座～，～置
維	vɐi2	～生素，～持，纤～
惟	vɐi2	～一
遺	vɐi2	～失，～憾
唯	vɐi2	～物主义
非	fɐi1a	是～，～常
飛	fɐi1a	～机；人名，张～[文]
飛	fɐi1a	飞行[白]
匪	fɐi3	土～
痱	mɐi1b	痱子，热～
妃	fɐi1a	贵～
費	fɐi5	～用，浪～
肥	pʰɐi2	化～，～肉
翡	fɐi3	～翠
微	mi2	稍～
尾	mei1a	尾巴
未	mei3	～来；地支
味	mei3	～道，～精
歸	kuɐi1a	回～，～类
鬼	kuɐi3	鬼神
貴	kuɐi5	～重
魏	ŋɛ2	～国；姓
揮	fɐi1a	指～
輝	fɐi1a	光～，～煌
徽	fɐi1a	国～，～章
諱	vɐi3	忌～
威	vɐi1a	～风，～胁
畏	vɐi5	不喜欢；怕，～热
慰	vɐi5	安～，～问
違	vɐi2	～反
圍	vɐi2	包～，～墙
偉	vɐi3	～大
葦	vɐi3	芦～
緯	vɐi3	经～
胃	vɐi5	肠～
謂	vɐi5	称～，所～
彙	fɐi3	词～
褒	pɔ1a	～奖，～义词
保	pɔ1a	～护
堡	pɔ3	碉～
寶	pɔ3	～贝
報	pɔ5	～告，日～
袍	pʰu2	长～，袄～
抱	lam3	拥抱
暴	pʰu3	～雨，残～
毛	mɔ1a	～病，鸡～
冒	mu5	～充，感～
帽	mɔ3	草～
刀	tɔ1a	菜～
嗦	sɔ1a	啰嗦
禱	pʰu2	祈～，～告
島	tɔ3	海南～
倒	tɔ3	颠～
到	tɔ5	～站
倒	tɔ3	～水，～退
滔	tʰɔ1a	～～不绝，波浪～天
討	tʰu3	～老婆，～厌
套	tʰɔ5	配～，～房
桃	tʰɔ2	杨～，～花
逃	tʰɔ2	～走
淘	tʰɔ2	～米，～沙
陶	tʰɔ2	～瓷；姓
萄	tʰu2	葡～
濤	tʰɔ2	波～
道	tʰɔ3	～理
稻	tʰɔ3	水～
盜	tʰu3	强～，～窃
導	tʰɔ5	领～，～师
腦	nɔ3	猪～，～屎（脑子）
惱	nɔ3	烦～[文]
惱	nɔ3	讨厌，不喜欢[白]
勞	lɔ2	～动
撈	lau2	打～局[文]
撈	lai2	～起来[白]
牢	lu2	～房，坐～
嘮	lɔ1a	～叨
老	lɔ3	～爷，～实
澇	lu2	洪～，旱～
遭	ʦɔ1a	～遇，～殃
糟	ʦɔ1a	酒～，～糕
早	ʦɔ3	还～
棗	ʦɔ3	红～
蚤	ɬɐt8a	跳～
躁	ʦʰu5	烦～，暴～
竈	ʦu5	～头，～神
操	ʦʰu1a	做～，～作
草	ʦʰɔ3	青～，～稿
糙	ʦʰɔ5	～米，粗～
曹	ʦʰɔ2	姓
槽	ʦʰɔ2	猪～，水～
皂	ʦɔ5	肥～
造	ʦɔ5	创～
騷	ɬu1a	风～，离～
臊	ɬɔ1a	臭～
掃	ɬɔ5	～地[动]
嫂	ɬɔ3	大～
掃	ɬɔ5	～把[名]
髙	kɔ1a	姓；～低
膏	kɔ1a	牙～；狗皮～药
篙	kɔ1a	竹～
羔	kɔ1a	羊～
糕	kɔ1a	蛋～，糟～
稿	kɔ3	草～，～纸
吿	kɔ5	报～，～状
考	hau3	～试，大～
烤	hau1b	烧～
靠	kʰau5	依～，可～
犒	hau5	～劳，～赏
熬	ŋɔ2	～汤，～夜
傲	ŋɔ3	骄～
蒿	kɔ1a	蓬～，青～，茼～
好	hɔ3	～人
好	hɔ5	爱～
耗	hɔ5	消～
豪	hɔ2	～华，～猪
壕	hɔ2	战～
毫	hɔ2	～米
號	hɔ3	～叫，呼～[动]
浩	hɔ5	～～荡荡；人名用字
號	hɔ2	～码，口～[名]
襖	ʔɔ5	棉～，～袍
懊	ʔɔ5	～恼
奧	ʔɔ5	～妙，～运会
懊	ʔɔ5	～悔
澳	ʔɔ5	～门
包	pau1a	钱～，～围
胞	pau1a	同～
飽	pau3	食～（吃饱）
豹	pau5	动物，～虎
爆	pau5	～炸
泡	pʰau1b	灯～；泡沫（多～）
泡	pʰau5	起～[训，瘭]
拋	pʰau1a	～弃
炮	pʰau5	枪～
泡	pʰau5	～茶
跑	pʰau3	～步
刨	pʰau2	～地，～花板
鮑	pau1a	姓；～鱼
茅	mau2	～庐
貓	miau1b	大～
錨	miau2	抛～
卯	mau1a	地支，子丑寅卯
貌	mau3	礼～
鬧	nau3	～热，～事
罩	ʦau5	灯～，床～
抓	ʦa1a	～紧
爪	ʦau3	鸡～
找	ʦau3	～钱，查～
笊	ʦau5	～捞（笊篱）
抄	ʦʰau1a	～书
鈔	ʦʰau1a	～票
炒	ʦʰau3	～股，～菜
吵	ʦʰau3	～人，争～
巢	ʦʰiu2	雀～
梢	ɬau1a	树～
捎	ɬau1a	～带，～口信
稍	sau3	～等；～息
哨	ɬau5	口～
交	kau1a	～通，～钱[文]
交	kau1b	交叉，～脚（翘二郎腿）[白]
郊	kau1a	～区
膠	kau1a	～水，橡～
敎	kau5	～书
絞	kau3	～刑，～肉机
狡	kau3	～猾
鉸	kau5	～剪
攪	kau3	搅拌
搞	kau3	～活动
敎	kau5	～育，～师
校	kau5	～对
校	kau5	调校
較	kau5	比～[文]
較	kau5	交换[白]
酵	hau1a	发～，～母片
窖	kau5	地～，番薯～
覺	kau5	睡～
敲	hau1a	～锣打鼓
巧	hau3	～合
咬	ŋau1a	～人
孝	hau5	～顺
哮	hau1a	～喘
肴	ŋau2	美味佳～
淆	ŋau2	混～
效	ŋau3	～果
校	ŋau3	学～，～长，上～
凹	nɐp7	～面镜
坳	ʔau5	山～，～背
臕	pʰiau1a	肥～
標	piau1a	～准，～志，招～
表	piau3	图～，～扬
錶	piau1a	手～
飄	pʰiau1a	～扬
漂	pʰiau1a	～流
漂	pʰiau5	～白，～亮
票	pʰiau5	车～
嫖	pʰiau2	～娼
鰾	pʰau5	鱼～
苗	miau2	鱼～，～族
描	miau2	～写
藐	mau3	～视
渺	miau3	～小，～茫
秒	miau3	～针
廟	miau3	和尚～
妙	miau3	～计
燎	liau2	星星之火，可以～原
療	liau2	治～，～养
焦	ʦiau1a	姓
蕉	ʦiau1a	米～；～岭（地名）
椒	ʦiau1a	胡～
剿	kiau3	围～，～匪
醮	ʦiau1a	打～（做法事），再醮（嫁人）
悄	ʦʰiau5	静～～
俏	ʦʰiau5	俊～
樵	ʦʰai2	柴
消	ɬiau1a	～化
宵	ɬiau1a	元～，夜～
硝	ɬiau1a	～烟，～酸
銷	ɬiau1a	供～社，～售
小	ɬiau3	～姐，～人
笑	ɬiau5	～话，玩～
肖	ɬiau1a	姓
肖	ɬiau1a	生～
朝	ʦau1a	～晨，三～
超	ʦʰau1a	～过
朝	ʦʰau2	～代
潮	ʦʰau2	～湿，涨～
趙	ʦʰau3	姓
兆	ʦʰau3	预～；人名用字
召	ʦʰau3	号～，～集
昭	ʦau1a	王～君
招	ʦau1a	～生
沼	ʦʰau3	～气
照	ʦau5	～明，～顾
詔	ʦʰau3	～书；～安（地名）
燒	sau1a	～水，发～
少	sau3	～数，多～
少	sau5	～年，～爷
韶	sau2	～关（地名）
紹	sau2	介～；～兴（地名）
邵	ʦʰau3	姓
饒	ȵau2	～命，求～
擾	ȵau3	打～，～乱
繞	ȵau3	围～，～线
驕	kiau1a	～傲
嬌	kiau1b	～气，做～（撒娇）
矯	kʰiau3	～正
喬	kʰiau2	姓
僑	kʰiau2	华～
橋	kʰiau2	大～
蕎	kʰiau2	～麦
轎	kʰiau3	坐～，扛～
翹	kʰiau2	银～片
翹	kʰiau5	～起来
囂	hiau1a	～张
夭	jiau1a	～折
妖	jiau1a	～怪
邀	jiau1a	～请
腰	jiau1a	猪～
要	jiau1a	～求
要	jiau5	重～
搖	ȵiau2	动～，～篮
謠	ȵau2	歌～，民～
遙	ȵiau2	逍～
窯	nau2	～洞，烧～
姚	jau2	姓，～明
舀	jau3	～水
耀	jau3	～眼，荣～
鷂	jau3	纸～（风筝）；～婆（老鹰）
刁	tiu1a	～钻，嘴～
貂	tiu1a	～婵，～皮
雕	tiu1a	木～，～刻
鳥	niau3	花～市场[文]
鳥	niau3	～笼[白]
鳥	tiau3	骂人话，交合[白]
釣	tiau3	～鱼
吊	tiau5	上～，～车
挑	tʰiau1a	～剔，～担
跳	tʰiau5	～高，起～
糶	tʰiau5	～米（卖米）
條	tʰiau2	～件，字～
調	tʰiau2	～和，～整
跳	tʰiau5	～上跌落（阳平）
掉	tʰiau3	～头，～队
調	tʰiau3	音～
調	tʰiau3	～动，～走
尿	ȵau3	屙～
聊	liau2	无～，～天
遼	liau2	～宁，～国
撩	liau1b	～起来
撩	liau2	～人
寥	liau3	～～无几
了	liau3	～结；明～，～解
瞭	liau2	～望台
料	liau3	肥～，材～
蕭	ɬiau1a	姓；～山（地名）
簫	ɬiau1a	吹～
澆	ȵau2	～水
繳	kiau3	～枪，～费
僥	hiau1a	～幸
叫	kiau5	大～；小孩哭
竅	hau3	～门
堯	ȵau2	～舜禹
曉	hiau3	春～，～得
幺	jɐt7	～二三
杳	miau3	～无音讯
剖	pʰɔi3	解～
某	mɐi1a	～人
畝	mɐi1a	一～田
牡	mau1a	～丹
母	mu3	父～
拇	mu3	～指
戊	mu3	～戌变法
茂	mɐi3	～盛；～名（地名）
貿	mɐi3	外～，～易
兜	tɐi1a	～风
斗	tɐi5	十升为一斗
抖	tɐi3	发～
陡	tɐi3	斜度大，～峭
鬥	tɐi5	～争，批～
偸	tʰɐi1a	小～
㪗	tʰɐi3	～气（呼吸）
透	tʰɐi5	～明
頭	tʰɐi2	开～
投	tʰɐi2	～降
豆	tʰɐi3	黄～
逗	tʰɐi3	～留，～号
逗	tʰɐi3	水～
樓	lɐi2	～下
簍	lɔ1a	竹～，字纸～
摟	lam3	搂抱
漏	lɐi3	～水，～斗
陋	liu5	简～
走	ʦɐi3	行走
奏	ʦiu5	节～
湊	ʦʰiu5	～数，～热闹
嗽	ɬiu5	咳～
勾	ŋɐi1a	～心斗角，～引
鉤	tiau5	鱼～
溝	kʰɐi1a	～通
狗	kɐi3	狗
苟	kɐi3	～且偷生
夠	kɐi5	足～
構	kʰɐi5	结～，～造
購	kʰɐi5	采～，收～
勾	ŋɐi1b	～当
摳	kʰy1a	挖
口	hɐi3	～头，开～
口	hɐi3	一～饭
叩	kʰɐi5	～头
扣	kʰɐi5	～钱，～压
寇	kʰɐi5	姓，～准；倭～
藕	ŋɐi3	～断丝连，莲～
偶	ŋɐi3	配～，～然
侯	hɐi2	姓；诸侯
喉	hɐi2	～咙
猴	hɐi2	猴子
後	hɐi3	～生，～来[文]
後	hɐi3	～日[白]
后	hɐi3	皇～
厚	hɐi5	忠～
候	hɐi3	～车室，等～
歐	ʔɐi1a	～洲；姓
區	ʔɐi1a	姓
甌	ʔɐi1a	瓦器；建～（地名）
嘔	ʔɐi3	～吐
毆	ʔɐi3	～打
漚	ʔɐi5	久浸水中，～坏，～肥
慪	ʔɐi5	～气
否	fɐi3	是～，～定
富	fu5	丰～，～贵
副	fu5	正～
浮	fɐi2	轻～，～力；云～（地名）
浮	fɐi2	～起来[白]
負	fu5	～责，～担
婦	fu3	～女[文]
婦	fu3	新～（儿媳）[白]
婦	fu3	～娘[白]
復	fok8a	反～
謀	mɐi2	计～，～财害命
矛	mau2	～盾
紐	niu3	纽扣；～约（地名）
扭	niu3	～面帕，～动
流	liu2	河～[文]
流	liu2	～汗[白]
劉	liu2	姓
留	liu2	～级，停～
榴	liu2	石～，～莲
硫	liu2	～磺
琉	liu2	～璃
柳	liu3	～树
溜	liu1b	～走
溜	liu5	～滑梯
餾	liu2	蒸～水，～粄
廖	liau3	姓
揫	mɐn1a	揪头发
酒	ʦiu3	～精
秋	ʦʰiu1a	～天；～千
就	ʦʰiu3	成～，～去
修	ɬiu1a	装～，～正
羞	tʰiu3	～愧
秀	ɬiu5	清～，～才
繡	ɬiu5	～花
宿	lok7	星～
銹	liu5	铁～
囚	ʦʰiu2	～犯
袖	ʦʰiu3	领～，衫～（衣袖）
肘	ʦɐn1a	手～
晝	ʦiu5	上～，～夜
抽	ʦʰiu1a	～出
丑	ʦʰiu3	地支，子丑寅卯
綢	ʦʰiu2	～缎，丝～
稠	ʦʰiu2	～密
籌	ʦʰiu2	～码，～备
紂	ʦiu5	商～王
宙	tʰiu3	宇～
鄒	ʦau1a	姓，～家华
皺	ȵiu5	～纹
縐	ȵiu5	文～～
愁	siu2	～眉苦脸
驟	ʦau5	步～
搜	ɬɐi3	～查
餿	ɬɐi1a	饭馊了，臭～
蒐	ɬɐi3	～集
瘦	ɬɐi5	肥瘦
周	ʦiu1a	姓；～围，～年
舟	ʦiu1a	～山
州	ʦiu1a	广～
洲	ʦiu1a	亚～
咒	ʦiu5	～人
醜	ʦʰiu3	出～[文]
醜	ʦʰiu3	长得丑[白]
臭	pʰiu5	～味
收	siu1a	丰～，～集
手	siu3	～脚，～段
首	siu3	～先
守	siu3	看～所，保～
獸	ɬɐi5	野～
仇	siu2	～人，报～
酬	ʦʰiu2	应～，～谢
受	siu3	接～
壽	siu3	长～
授	siu3	教～
售	siu2	～货，出～
柔	ȵiu2	温～，～和
揉	ȵiu2	～烂
鳩	kiu1a	斑～
鬮	kɐi1a	拈～（抓阄）
糾	tɐi3	～缠
九	kiu1a	数字，～龙
久	kiu1a	长～
韭	kiu1a	～菜
灸	kiu5	针～
救	kiu5	～命
究	kiu5	～竟，研～
丘	hɐi1a	一～田
丘	hɐi1a	姓
求	kʰiu2	要～
球	kʰiu2	足～
仇	siu2	姓
臼	kiu5	石～，脱～
舅	kʰiu5	～公
舊	kʰiu3	新～
柩	kiu5	灵～
牛	ŋɐi2	～牯
休	hɐi1a	～息，退～
朽	ʔau3	腐～，永垂不～
嗅	ʦʰiu5	～觉
憂	jiu1b	～虑，担～
優	jiu1a	～秀
尤	jiu2	～其
郵	jiu2	～票，～电局
有	jiu1a	～钱
友	jiu5	朋～，～谊
又	jiu3	～来
右	jiu5	左～
祐	jiu5	保～
由	jiu2	～于，理～
油	jiu2	麻～
遊	jiu2	～泳，旅～
猶	jiu2	～豫
悠	jiu2	～闲，历史～久
酉	jiu1a	地支，申酉戌亥
誘	jiu5	～惑，引～
柚	jiu2	沙田～
釉	jiu2	上～，～彩
彪	piau1b	林～
謬	mɐi2	～论，荒～
丟	tiu1a	～失
糾	tɐi3	～正
幽	jiu1b	～默
幼	jiu5	细小，～稚
耽	tam1a	～误
答	tæp8a	回～
搭	tæp8a	～车；衣服搭在肩上
貪	tʰam1a	～心
探	tʰam5	试～
踏	tʰæp8a	脚～
潭	tʰam3	深～
譚	tʰam2	姓，～嗣同
沓	tʰiɛp8a	一～纸
南	nam2	东南西北
男	nam2	男女
納	næp8a	归～
拉	lai1a	拖～
簪	ʦɐm1a	绾住发髻的条状物
參	tʰam1a	～军，～加
慘	ʦʰam3	悲～
蠶	ʦʰam2	～丝
雜	ʦʰæp8a	复～
感	kam3	～谢，～动
蛤	kiɛp8a	花～；～蚧
鴿	kæp8a	白～
堪	hɐm1a	难～，不～
坎	hɐm1a	～坷
砍	ʦam3	～伤
勘	hɐm5	～误，～探
含	hɐm2	包～[文]
含	hɐm2	～糖[白]
函	hɐm3	～授，信～
撼	ham3	震～
憾	ham3	遗～
合	hæk8a	～作，～适[文]
合	kæp8a	～本，～伙[白]
盒	hæp8a	铁～
庵	ʔɐm1a	尼姑～
揞	ʔɐm1a	手覆，揞住
□	ɬɐm3	把粉末撒在表面
暗	ʔam5	不亮
擔	tam1a	～任[动]
擔	tam5	～竿[名]
膽	tam3	大～
擔	tam1a	挑～[名]；一～水[量]
坍	tʰæk8a	～塌
毯	tʰan3	毛～
塔	tʰæk8a	宝～
塌	tʰæk8a	倒～
談	tʰam2	会～，～论
痰	tʰam2	吐～
淡	tʰam3	～水（地名）
淡	tʰam1a	咸～；浓～
藍	lam2	～色；姓
籃	lam2	菜～
覽	lam3	展～，阅～室
攬	lam3	包～[文]
攬	lam3	抱[白]
欖	lam3	橄～，乌～
濫	lam3	泛～
纜	lam3	～车
臘	læp8a	～肉，～肠
蠟	læp8a	～烛
慚	ʦʰam2	～愧
暫	ʦʰam3	～时
三	ɬam1a	～国
甘	kiɐm1a	甜；～心
柑	kiɐm1a	柑
敢	kam3	勇～
橄	kam3	～榄
磕	kʰɐi5	～头
喊	ham5	叫[文]
喊	ham5	叫[白]
站	ʦʰam3	站立
賺	ʦʰan3	～钱
站	ʦam3	车～
斬	ʦam3	白～鸡
蘸	tiam3	～豉油
插	ʦʰæp8a	～花
閘	ʦʰæp8a	铁～，跳～
煠	ʦa5	～番薯（水煮地瓜）
杉	ʦʰa5	～树
尷	kam5	～尬
減	kam3	加～
鹻	kan3	酸～，～性
鹻	kan3	纯～
夾	kʰiɛt8a	夹子；～心饼干
裌	kʰiɛt8a	～袄，～衣
恰	hɐp7	～切，～当
咸	hɐm2	～丰皇帝
鹹	hɐm2	～淡
陷	hɐm3	～害，～井
掐	nian3	～颈（掐脖子）
餡	hɐm2	～饼
狹	kʰiɛp8a	～窄[文]
狹	kʰiɛp8a	空间小[白]
峽	hiɛp8a	三～（地名）
洽	hɐp7	～谈会，融～
攙	ʦʰɐm1a	～扶，～腰
衫	ɬam1a	衬～，～裤（衣服）
監	kɐm1a	～狱，～视，～督
鑑	kɐm5	～定
監	kɐm5	太～
甲	kæp8a	天干，甲乙丙丁
胛	kæp8a	肩～
巖	ŋɐm2	～石，石灰～
銜	hɐm2	军～；叼在嘴里
艦	lam3	军～
匣	kæp8a	匣子
鴨	ʔæp8a	鸭子
押	ʔæp8a	抵～，～送
壓	ʔæp8a	～力
貶	pian3	～值
黏	nian1a	～合剂，～起来
聶	niɛp8a	姓，～耳
廉	liam2	清～，～洁
鐮	liam2	镰刀，禾～
簾	liam2	窗～
斂	liam3	收～
殮	kiam3	给死者穿衣入棺，～尸
獵	liœp8a	打～，～人
尖	ʦiam1a	～刀
殲	ʦiam1a	～灭
接	ʦiɛp8a	迎～，～待
籤	ʦʰiam1a	竹～，求～
簽	ʦʰiam1a	～字，～名
妾	ʦʰiɛp8a	小老婆
潛	ʦʰiam2	～力
漸	ʦʰiam3	逐～
捷	ʦiɛp8a	～报，大～，敏～
沾	ʦam1a	～光
粘	nian1a	～贴
占	ʦam1a	～卜
佔	ʦam5	～领，～地方
摺	ʦiɛt8a	～被，～叠
褶	ʦæp8a	衣裙或皮肤上的皱纹，打～
陝	sam3	～西
閃	ʦam3	～开
攝	sæp8a	～影
蟾	kʰiam2	～蜍
涉	sæp8a	～及
染	ȵam3	污～
染	ȵam3	～色
檢	ȵam3	～查，体～
臉	liam3	红～白～[文]
鉗	kʰiam2	～工，火～
儉	kiam3	勤～
驗	ȵam3	～收，试～
險	sam3	危～，保～
淹	ȵam3	～没
閹	jam1a	～鸡，～猪
掩	ȵam3	～护
厭	jam5	讨～
炎	ȵam2	消～，～热
鹽	ȵam2	盐
閻	ȵam2	～罗王；姓
簷	jam2	屋～下
豔	ȵam3	鲜～，～丽
焰	ȵam3	火～
葉	jæp8a	树～；姓
頁	jæp8a	～数
劍	kiam5	宝～
劫	kiɛp8a	抢～
欠	hiam5	～钱，拖～
怯	ɬɛ5	胆～
嚴	ȵam2	～格；姓
釅	ȵam2	～茶
業	ȵæp8a	事～，～余
脅	sæp8a	威～
醃	jæp8a	腌制
□	ȵiau5	掂量
點	tiam3	～心，～头
店	tiam5	开～
跌	tiɛt8a	～打
添	tʰiam1a	～加，～丁
帖	tʰiɛp8a	请～
貼	tʰiɛp8a	补～
貼	tʰiɛp8a	～纸，～对联[动]
甜	tʰiam2	甜
疊	tʰiɛp8a	～起来，折～
碟	tʰiɛp8a	盛具，碟子
牒	tʰiɛp8a	通～，文～
蝶	tʰiɛp8a	蝴～
諜	tʰiɛp8a	间～
鮎	liam2	～鱼
拈	nian1a	用指头捏取物，～起来
念	ȵam3	～经，怀～
兼	kiam1a	～职
挾	kiɛp8a	～菜
謙	sam1a	～虚
歉	hiɛp8a	道～，～意
嫌	sam2	～弃，～人
協	hiɛp8a	～会，～作
俠	hiɛp8a	武～
法	fæk8a	方～
泛	fan3	广～，～滥[文]
泛	pʰɐn5	中空，～谷[白]
凡	fan2	平～
帆	fan2	～船
范	fan5	姓
範	fan5	模～，～围
犯	fan3	～法[文]
犯	fan3	触犯[白]
乏	fan3	缺～
稟	pien3	～报
品	pʰien3	～德
賃	nɐn3	租～
林	lɐm2	树～；姓
淋	lɐm2	～湿，～菜
臨	lɐm2	～时，面～
立	lɐp8a	～足
笠	lɐp7	～嫲，斗～
粒	nɐp7	三～，颗～
凜	lɐm2	威风～～
浸	ʦɐm5	～水
侵	ʦʰɐm1a	～略
寢	ʦɐm3	就～，～室，废～忘食
緝	ʦʰɐp7	～私，通～
集	ʦɐp8a	～合，～体
輯	ʦʰɐp7	编～
心	ɬɐm1a	～肝，内～
尋	ʦʰɐm2	～人
習	ʦʰɐp8a	学～，练～
襲	ʦʰæp8a	～击，偷～
沉	ʦʰɐm2	～底
蟄	ʦʰæk8a	惊～
參	ʦʰam1a	～差不齐
岑	kʰɐm2	姓，～参；～村
森	sɐm1a	～林
參	ʦʰam1a	人～
滲	ʦʰam5	～水
澀	kiɛt8a	青～
澀	kiɛt8a	柿子～[训]
針	ʦɐm1a	～线，～对
斟	ʦɐm1a	～酒，～酌
枕	ʦɐm3	～头[名]；～枕头[动]
執	ʦɐp8a	～行，～法
汁	ʦɐp7	菜～，果～
深	sɐm8a	～浅，～入
沈	sɐm3	姓；地名，～阳
審	sɐm3	～问
嬸	sɐm3	叔母，大～
濕	sɐp8a	潮～
甚	sɐp8a	～至
十	sɐp8a	数字
拾	sɐp8a	收～
壬	ȵɐm3	天干，庚辛壬癸
任	ȵɐm3	姓；责～，～何
紝	ȵɐm3	缝～
入	ȵɐp8a	～门，进～
今	kɐm1a	～日，～年，现～[文]
今	kɐm1a	～日，～年[白]
金	kɐm1a	～银
禁	kɐm5	不～
襟	kʰɐm1a	衣的前幅、交领，连～
錦	kɐm3	～绣，～旗
禁	kɐm5	～止
急	kɐp8a	心～
級	kʰɐp7	～别，年～
級	kʰɐp7	三年～
給	kʰɐp7	供～，～予
欽	hɐp8a	～差，～佩
泣	lɐp7	～血，哭～
琴	kʰɐm2	弹～
禽	kʰɐm2	家～
擒	kʰɐm2	～拿
及	kʰɐp8a	～时
吟	ȵɐm2	～诗
吸	kʰɐp8a	呼～，～引
音	jɐm1a	～乐，声～
陰	jɐm1a	～天
飮	ȵɐm3	～料
蔭	jɐm1a	福～，树～
飮	ȵɐm3	～田
揖	jɐp7	作～
淫	ȵɐm2	～荡
丹	tan1a	牡～，仙～
單	tan1a	～独
旦	tan5	元～，花～
疸	tam3	黄～
灘	tʰan1a	沙～
攤	tʰan1b	分～，～开，摆～
癱	tʰan1a	～痪
坦	tʰan3	～白，～克
炭	tʰan5	烧～
嘆	tʰan5	～气
檀	tʰan2	～香
壇	tʰan2	天～，文～
彈	tʰan2	～琴
誕	tan5	圣～，～生
但	tan5	～係（但是），不～
彈	tʰan3	子～
蛋	tʰan3	皮～
達	tʰæk8b	发～，～到
難	nan2	困～
難	nan3	逃～，患～
捺	nai5	撇～
蘭	lan2	～花
攔	lan2	～路
欄	lan2	～杆
懶	lan1a	懒惰，～尸
爛	lan3	灿～，腐～
辣	læk8a	～椒
瘌	lai5	结～（结痂），～痢（头屑）
贊	ʦan5	称～，～助
餐	ʦʰam1a	～车，快～
燦	ʦʰan5	～烂
擦	ʦʰæk8a	～车
殘	ʦʰam2	～废
珊	ɬam1a	～瑚
散	ɬan3	药～
散	ɬan5	分～，解～
撒	ɬæk8a	～手，～种
薩	ɬæk8a	菩～
干	kɔn1a	天～地支；～扰
亁	kɔn1a	烘～，饼～
肝	kɔn1a	猪～
竿	kɔn1a	竹～
桿	kɔn5	旗～，杠～
稈	kɔn3	禾～（稻秆）
趕	kɔn3	追～
幹	kɔn5	～部，才～
割	kɔk8a	～禾（割稻）
葛	kɔk8a	诸～亮；生～，～薯
睇	tʰɛ3	看
刊	hɔn3	报～
看	tʰɛ3	看见
渴	hɔk8a	口渴；～望
岸	ʔɔn5	口～，两～
鼾	ʔɔn2	～睡
罕	ʔɔn3	稀～，～见
漢	hɔn5	～人
喝	hɔk8a	吆～，～彩
寒	hɔn2	大～，～流
韓	hɔn2	～国；姓
旱	hɔn3	干旱
汗	hɔn3	出～，～马功劳
銲	hɔn3	电～，～接
翰	hɔn5	～林院；人名用字
安	ʔɔn1a	公～，～全
鞍	ʔɔn1b	马～，～山
按	ʔɔn5	～照
案	ʔɔn5	～件，档～
扮	pan3	打～
八	pæk8a	数字
盼	pʰam5	～望
瓣	pʰan3	花～
辦	pʰan3	～事
拔	pʰæk8b	～河，选～
綻	tʰien3	破～[文]
綻	tʰien3	长出，～笋，～芽[白]
盞	tan3	灯～（灯）
紮	ʦæk8a	～紧，驻～
鏟	ʦʰæk8a	～草
察	ʦʰæk8a	观～
山	ɬan1a	山
產	ʦʰan3	生～
殺	ɬæk8a	～人，自～
艱	kan1a	～苦
間	kan5	房～，中～
簡	kan3	～单
揀	kan1a	挑选
間	kan5	～断，离～[文]
間	kan5	隔开[白]
眼	ŋan3	双～皮
閑	han2	～事，空～
限	han3	期～，～制
莧	han3	～菜
軋	ʔæk8a	～钢厂
班	pan1a	上～
斑	pan1a	～马
頒	pan1a	～布，～奖
扳	pan3	～手，～开
板	pan3	黑～，石～
版	pan3	出～
攀	pʰan1a	～登，高～
蠻	mɐn2	不听话；野～
慢	man3	～车
棧	ʦan3	客～；碗橱，碗～
鍘	ʦʰɔ2	～刀
刪	ɬan1a	～除
疝	ʦan5	～气（小肠气）
奸	kan1a	～诈，～臣
鐧	kan3	杀手～
顏	ŋan2	姓；～色
雁	ŋan5	大～
瞎	mɐn2	～目
轄	hæk8b	管～，直～市
晏	ʔan5	晚、迟；～子使楚
鞭	pian1a	皮～，～策
編	pʰian1a	主～，～辑[文]
編	pʰian1a	毛～，～毛编[白]
變	pian5	～化，改～
別	piɛt8a	区～
鼈	pian1a	甲鱼
篇	pʰian1a	一～文章
偏	pian1a	～～，～僻
騙	pʰian5	欺～
便	pʰian2	～宜
辨	pʰian3	分～，～别
辯	pʰian3	～论
汴	pian2	～京（北宋都城）
便	pʰian3	方～
別	piɛt8a	离～，分～
綿	mian2	海～，～羊
棉	mian2	～花
免	mian1a	难～，～除
勉	mian1a	～强，～励
娩	mian3	分～
緬	mian5	～怀；～甸（地名）
面	mian5	～子
滅	miɛt8a	消～，～亡
碾	ŋian1b	～米
連	lian2	～长；大～（地名）
聯	lian2	～系；对～
列	liɛt8a	排～；～宁（人名）
列	liɛt8a	两～（两排）[白，量]
烈	liɛt8a	～士，热～
裂	liɛt8a	～开，分～
煎	ʦian1a	～药，～鱼
剪	ʦian3	～刀
箭	ʦian5	射～
濺	ʦʰian3	～一身水
遷	ʦʰian1a	升～，～怒
淺	ʦʰian3	深～
錢	ʦʰian2	～财
踐	ʦʰian3	实～
賤	ʦʰian3	下～，～人
仙	ɬian1a	神～
鮮	ɬian1a	新～
鮮	ɬian1a	朝～（国名）
癬	ɬian3	发～（生癣）
線	ɬian5	～索
薛	ɬiɛt8a	姓，～宝钗
泄	ɬɛ5	～漏，排～
羨	ɬian3	～慕
展	ʦian3	开～，发～
哲	ʦiɛt8a	～学
徹	ʦʰiɛt8a	～底
撤	ʦʰiɛt8a	～退
纏	ʦʰian2	纠～，～线
轍	ʦʰiɛt8a	南辕北～；苏～（人名）
氈	ʦan1a	羊毛～
戰	ʦan5	～斗
顫	ʦʰan5	～抖
折	ʦiɛt8a	～断，打～
浙	ʦiɛt8a	～江（地名）
舌	sæk8a	舌头
搧	ʦan5	扇扇子，扇耳光[动]
扇	san5	扇子[名]
設	siɛt8a	～计，建～
蟬	sam2	蝉
禪	sam2	～宗，～师
善	sian3	～良，心～
膳	sian3	～食，用～
單	sam2	姓
禪	sam3	～让，封～
折	sæk8a	～本（赔本）
然	jam2	～后，居～
燃	jan2	～烧
熱	jæk8a	冷～，～情
遣	hian3	派～
乾	kʰian2	～坤，～隆
虔	kʰian2	～诚
件	kʰian3	事～
傑	kʰiɛt8a	～出
諺	jan5	农～，～语
孽	miɛt8a	造～
延	jan2	～长，～安
演	jan3	～员，表～
建	kian5	～设
揭	kʰiɛt8a	～发，～露
揭	kʰiɛt8a	～阳（地名）
鍵	kian5	关～，～盘
腱	kian5	肌～
言	ȵan2	语～
軒	hian1a	人名用字
掀	hien1a	～起[文]
掀	ʦan1a	～被[白]
憲	hian5	～法
獻	hian5	贡～
㪗	tɐi3	～夜（过夜）
蠍	kʰiɛt8a	蝎子，蛇～心肠
堰	jan5	坝，都江～
邊	pian1a	～疆，旁～
蝙	pʰian1a	～蝠
扁	pian3	圆扁
匾	pian3	牌～
遍	pʰian5	三～，～地，普～
片	pʰian5	一～，～面
撇	pʰiɛt8a	～捺，～开
蹩	pɐi1b	跛，～脚
眠	mian2	～床（床），安～
麵	mian3	～粉
蔑	miɛt8a	～视
顚	tian1a	～倒，～簸
典	tian3	～型，词～
天	tʰian1a	～才
腆	tian3	腼～
鐵	tʰiɛt8a	～皮
田	tʰian2	种～
塡	tʰian2	～空
電	tʰian3	触～，～灯
殿	tʰian3	宫～
奠	tian3	～基
墊	tʰiam3	～钱，座～
年	ȵan2	过～
撚	nɛ3	以指捻碎
捏	niam1a	以指尖捏取小面积
憐	lien2	可～[文]
憐	lien2	可～[白]
蓮	lian2	～花，睡～
練	lian3	～习，熟～
鍊	lian3	～丹，锻～
链	lian3	项～，～条
楝	lian3	苦～树
箋	ʦian1a	便～，信～
薦	ʦan5	推～
節	ʦiɛt8a	～约，竹～
千	ʦʰian1a	～万
切	ʦiɛt8a	～菜
前	ʦʰian2	从～，～后
截	ʦiɛt8a	～断
先	ɬian1a	祖～，～进，～生
屑	ɬiɛt7	锯～[白，名]
屑	liɛt7	不～一顾[文，动]
楔	ɬiɛt8a	～入去（塞进去）[训]
肩	kian1a	～头
堅	kian1a	～强
繭	kan3	蚕～
見	kian5	～人，～识
結	kiɛt8a	～婚，～疕[文，动]
結	kiɛt8a	打～[白]
潔	kiɛt8a	～白，清～
牽	hian1a	～牛花
硏	ŋian2	～究
硯	han3	～台
顯	sɐp8a	明～
賢	jan2	～惠，圣～
弦	hian2	琴～
現	jan3	～在，出～
煙	jan1a	冒～
燕	jan5	姓；～京，～山（地名）
燕	jan5	燕子，～窝
嚥	jiɐn1a	～喉
宴	jian5	～会
般	pan1a	～配，一～
搬	pan1a	～运
半	pan5	一～，～日
絆	pan5	～脚石，～马索
鉢	pæk8a	花～（花盆），衣～
撥	pʰæk8a	～款
潘	pʰan1a	姓
拚	pʰɐn5	～命
判	pʰan5	～断，审～
潑	pʰæk8a	～水；泼辣
盤	pʰan2	算～
伴	pan5	～随，伙～[文]
伴	pan5	做～，冇～[白]
拌	pan5	凉～，搅～
叛	pan5	～徒，背～
瞞	man2	隐～
饅	man3	～头
鰻	man3	～鱼
滿	man1a	～意
漫	man3	～画，～长
末	mæk8a	～尾
沫	mæk8a	泡～
抹	mæk8a	～桌，～布
端	tuɔn1a	～正
短	tuɔn3	长～
斷	tʰuɔn5	判～，～案
鍛	tuɔn3	～炼
脫	tʰɔk8a	～鞋，摆～
團	tʰɔn2	～结，～长
糰	tʰɔn2	饭～，面～
斷	tʰɔn1a	～绝[文]
斷	tʰɔn1a	线断了[白]
段	tʰɔn3	姓；阶～
緞	tʰɔn3	绸～
□	piɛt3	奪取
暖	nɔn1a	冷～
卵	luɔn3	鸡～（鸡蛋），～生
亂	luɔn3	混～
捋	lɔk8a	捋袖子
捋	lɔk8a	～骨头（啃骨头）
鑽	ʦuɔn5	～孔，～山洞[动]
攢	ʦʰan3	积～
鑽	ʦuɔn5	电～[名]，～石
撮	ʦiɛt7	一～毛
酸	ɬuɔn1a	～甜
算	ɬɔn5	计～
蒜	ɬɔn5	大蒜，蒜头
官	kɔn1a	～司，当～
棺	kɔn1a	～材
觀	kɔn1a	参～，～音
冠	kɔn5	衣～，鸡～花
管	kɔn3	～理，气～
館	kɔn3	图书～
貫	kɔn5	一～，～彻
灌	kɔn5	～溉
罐	kɔn5	～头
觀	kɔn1a	道～
冠	kɔn5	～军
括	kʰɔk8a	包～
寬	fɔn1a	～松
款	fɔn3	汇～，拨～
闊	fæk8a	开～
玩	van3	～具，游～
歡	fɔn1a	喜～，～喜
喚	vɔn3	呼～
煥	vɔn3	～然一新
桓	fan2	齐～公
完	jan2	～全[文]
完	jan2	用～，食～[白]
丸	jan2	肉～，药～
緩	vɔn3	～慢，迟～
皖	jan3	安徽简称，～南事变
換	vɔn3	交～[文]
換	vɔn3	～水[白]
換	vɔn3	金不换[白]
活	væk8a	生～
豌	vɔn3	～豆
碗	vɔn3	饭～
腕	vɔn3	手～
頑	ŋan2	～固，～皮
幻	van3	科～，～想
滑	væk8a	地～，～稽
猾	væk8a	狡～
挖	væk8a	～掘[文]
挖	væk8a	穵[白]
閂	kʰɐn5	～门，门～
拴	ʦʰuɔn2	拴住（捆绑）
刷	sæk7	～牙，牙～
關	kuɔn1a	～门，海～
慣	kuɔn5	习～
刮	kuæk8a	～毛，搜～
還	van2	～原[文]
還	van2	～钱[白]
還	van2	～有[白]
環	van2	～境
患	van3	～病，忧～
宦	van3	～官
彎	van1b	转～
灣	van1a	台～，海～
戀	lian2	～爱
劣	liɛt8a	～质，恶～
全	ʦʰuɔn2	～部，安～
泉	ʦʰan3	～水，喷～
絕	ʦʰiɛt8a	～对
宣	ɬian1a	～布，～传
選	ɬian3	～择，挑～
雪	ɬiɛt8a	落～（下雪），～白
旋	ɬian2	～转
轉	ʦʰɔn5	～学，～移，翻～
轉	ʦʰɔn5	～圈
傳	ʦʰɔn2	～达，流～
傳	ʦʰɔn2	～记，自～
專	ʦʰɔn1a	～门，大～
磚	ʦɔn1a	～头
拙	ʦʰuk8a	勤能补～
川	ʦʰɔn1a	四～
穿	ʦʰɔn1a	～堂风，揭～
喘	ʦʰɔn3	哮～
串	ʦʰɔn5	一～，～通
船	ʦʰɔn2	轮～
說	sɔk8a	小～
軟	ȵɔn1a	～弱
捲	kuan3	～起来[动]
眷	kuan5	～属
卷	kuan3	试～[名]
絹	kuan1a	绢
圈	kʰuan1b	圆～，～套
拳	kʰuan2	～头
權	kʰuan2	～利
倦	kuan3	疲～
圓	jan2	团～
員	jan2	人～，～工
院	jan3	医～，～长
緣	jan2	～分
沿	jan2	边～，～江路
鉛	jan2	～笔，～球
捐	kian1a	～钱
悅	jæk8a	愉～
閱	jæk8a	～读
藩	pʰan1a	曾国～
反	fan3	～对，造～
販	fan5	～毒，小～，～卖
髮	fæk8a	头～
發	fæk8a	～展，～财[文]
發	fæk8a	～虫（长虫）[白]
翻	fan1a	～书[文]
翻	fan1a	翻转；呕吐[白]
番	fan1a	三～两次，～薯
番	fan1a	一～被（一床被子）
番	pʰan1a	～禺（地名）
煩	fan2	麻～
礬	fan2	明～
繁	fan2	～华
飯	fan3	～店[文]
飯	fan3	食～（吃饭）[白]
伐	fæk8a	讨～，～木工人
筏	fæk8a	竹～（竹排）
罰	fæk8a	～款，惩～
晚	man5	～会
挽	man3	～留，手～手
萬	man3	～一
蔓	man3	～延，瓜～
襪	mæk8a	鞋～
□	mɔn1b	蕨类植物
勸	hian5	规～
掘	kuk8a	挖～
元	ȵan2	～旦[文]
元	jan2	一～钱[白]
原	ȵan2	～来，平～
源	jan2	～头，来～
阮	jan3	姓，～玲玉
願	ȵan3	～望
月	jæk8a	三～
喧	ɬian1a	～哗，～闹
冤	jan1a	～枉
怨	jan5	～人，埋～
袁	jan2	姓，～世凯
轅	jan2	轩～
園	jan2	菜～，花～
援	vɔn3	～助，支～
遠	jan3	永～
越	jæk8a	～来～好
曰	ȵiɛt8a	子～
粵	jæk8a	～东
決	kʰiɛt8a	～定
訣	kʰiɛt8a	口～
犬	hian3	狂～病
缺	kʰiɛt8a	～点
血	sæk8a	流～
玄	hian2	～妙
懸	jui2	*～挂，～崖
縣	jan3	～长
眩	hian2	晕眩，～昏
穴	jæk8a	～位
淵	jan1a	深～，～源
吞	tʰun1a	～口水
跟	kɐn1a	～从
根	kɐn1a	～本，树～
懇	hɐn3	～求，诚～
墾	hɐn2	开～
齦	ŋɐn2	牙～肉（牙龈）
痕	hɐn2	～迹
很	hɐn3	～大
恨	hɐn3	仇～
恩	jɐn1a	～人
彬	pɐn1b	文质～～；人名用字
賓	pɐn1a	贵～
檳	pɐn1a	～榔
濱	pɐn1a	哈尔～（地名）
殯	pɐn5	～仪馆，出～
鬢	pɐn5	～角
筆	pɐt8a	毛～，～记
畢	pɐt8a	～业
必	piɛt8a	～须
匹	pʰɐt7	～配
貧	pʰɐn2	扶～
頻	pʰɐn2	～繁
弼	pɐk8a	～马温；任～时
閩	mɐn3	福建简称，～南
民	mɐn2	人～，～族
憫	mɐn5	怜～
敏	mɐn3	灵～
密	mɐt8a	秘～，～封
抿	mɐn1b	小口喝
蜜	mɐt8a	～蜂
鄰	lɐn2	～居
鱗	lɐn2	鱼～
燐	lɐn2	～肥
吝	mɐn2	吝啬
栗	lɐt8a	～子
津	ʦɐn1a	天～（地名）
儘	ʦʰɐn3	～管，～早
進	ʦʰɐn5	～步，前～
晉	ʦʰɐn5	山西简称；魏～南北朝
親	ʦʰɐn1a	～生，父～
親	ʦʰɐn1a	～家
七	ʦʰɐt8a	数字
漆	ʦʰɐt8a	油～
秦	ʦʰɐn2	姓；～国
盡	ʦʰɐn3	～量，～力，～头
疾	ʦʰɐt8a	残～
辛	ɬɐn1a	～苦
新	ɬɐn1a	～旧
新	ɬɐn1a	～妇（儿媳妇）
薪	ɬɐn1a	～水
信	ɬɐn5	相～
訊	ɬɐn5	通～
悉	ɬɐn3	熟～
膝	ɬɐt7	～头（膝盖）
珍	ʦɐn1a	～珠
鎭	ʦɐn5	～长，～压
趁	ʦʰɐn5	～机
陳	ʦʰɐn2	姓；～列，～皮
塵	ʦʰɐn2	灰～，～灰
陣	ʦʰɐn3	～雨
姪	ʦʰɐt8a	～子
秩	tʰiɛt8a	～序
臻	ʦɐn1a	聂荣～
襯	ʦʰɐn5	～衫
蝨	ɬɐt8a	虱子，～嫲
眞	ʦɐn1a	认～，～假
診	ʦʰɐn3	急～
疹	ʦʰɐn3	麻～
振	ʦɐn5	～动
震	ʦɐn5	地～
質	ʦɐt8a	～量，品～
神	sɐn2	～仙，精～
實	sɐt8a	老～，～在
身	sɐn1a	～体，上～
申	sɐn1a	～请；地支，申酉戌亥
伸	sɐn1a	～展，延～[文]
伸	ʦɐn1a	～手[白]
娠	sɐn2	妊～反应
失	ʦɐn3	～去，丧～
室	sɐn3	教～，～内
辰	sɐn2	时～
晨	sɐn2	朝～
臣	sɐn2	大～
腎	sɐn3	～病
腎	sɐn3	鸡～（鸡肫）[白]
愼	sɐn3	谨～，～重
人	ȵɐn2	老～，～民
仁	ȵɐn2	～义
忍	ȵɐn1a	～耐，～受
刃	ȵɐn3	刀～
認	ȵɐn3	承～，～真
靭	ȵɐn5	不易断[白]
日	ȵɐt8a	十～，～期
巾	kɐn1a	围～
緊	kɐn3	～张
吉	kɐt8a	～利
僅	kɐn3	～～，不～
銀	ŋɐn2	金～，～行
釁	jɐn2	挑～
因	jɐn1a	原～
姻	jɐn1a	婚～
印	jɐn5	手～
乙	jɐt8a	天干，甲乙丙丁
一	jɐt8a	数字
寅	ȵɐn2	地支，子丑寅卯
引	jɐn3	吸～
逸	jɐt7	劳～结合
斤	kɐn1a	～两
筋	kɐn1a	牛～丸
謹	kɐn3	～慎，严～
勁	kɐn5	有～，～敌
訖	ŋɐt7	收～
乞	hɐt8a	～食，～求
勤	kʰɐn2	～劳
芹	kʰɐn2	～菜
近	kʰun1a	最～，～来[文]
近	kʰun1a	远近[白]
欣	jɐn1a	～赏
殷	jɐn1a	姓；～勤
隱	jɐn3	～形，～身
癮	jɐn3	喜欢；烟～
奔	pɐn1a	～跑，东～西走
本	pɐn3	～来，书～
不	pɐt8a	～过
噴	pʰɐn5	～水；～嚏
盆	pʰɐn2	面～（脸盆），～地
笨	pɐn5	～蛋[文]
笨	pɐn5	厚[白]
勃	pʰæk8b	勃，蓬～，生机～～
門	mɐn2	关～
悶	mɐn5	烦～，～热
沒	mɔ2	沉～，～有，出～
敦	tun1b	～厚；伦～（地名）
墩	tun3	桥～
頓	tun3	停～，～脚
褪	tʰui5	～色
屯	tʰun2	～田
豚	tʰuɔn2	海～
囤	tʰun2	～积
沌	tʰun2	混～
盾	tʰun3	矛～
鈍	tʰun3	迟～，～角
遁	tʰun3	逃～
凸	tʰuk8a	～起
突	tʰuk8a	～然
突	tʰuk8a	～出
嫩	nun3	不老
論	lun3	～语
崙	lun2	昆～
論	lun3	议～，～文
尊	ʦuɔn1a	～重
卒	ʦuk7	兵～，小～
村	ʦʰun1a	～长
寸	ʦʰun5	尺～
猝	ʦui5	仓～，～死
存	ʦʰuɔn2	～在，～折，储～
蹲	pɐi1b	～马（扎马步）[文]
蹲	pɐi1b	蹲下[白]
孫	ɬɐn1a	姓；子～
損	ɬiɐn3	～坏
遜	ɬian5	～色，谦～
昆	kʰuɐn1a	～明，～虫
滾	kuɐn3	～动；水开
棍	kuɐn5	长～
骨	kuɐt8a	～头
坤	kʰuɐn1a	乾～
綑	kʰɐn3	～绑
困	kʰɐn5	～难
窟	kʰɐt7	～窿[文]
窟	kʰuɐt7	小坑[白]
昏	fɐn1a	黄～
婚	fɐn1a	结～
忽	fɐt7	～然
魂	vɐn2	灵～
渾	vɐn2	～浊[文]
渾	vɐn2	水浑[白]
混	kuɐn3	～淆，相～
核	hɐt8a	～心，～对[文]
核	hɐt8a	龙眼～[白]
核	vɐt8a	～卵（睾丸）[白]
溫	vɐn1a	～度，～和
瘟	vɐn1a	鸡～
穩	vɐn3	～定，求～
倫	lun2	～理，天～之乐
淪	lun2	沉～
輪	lun2	车～，～流
律	luk8a	法～，～师
率	luk8a	效～
遵	ʦun1a	～守
俊	ʦun5	英～
筍	ɬun2	竹～
榫	ɬun3	～头（接合处）
迅	ɬɐn5	～速
戌	ɬɐt7	戊～变法
恤	ɬɐt8a	体～，抚～
旬	ʦʰun2	上～
循	ʦʰɐn2	遵～，～环
巡	ʦʰun2	～逻，出～
殉	sun1a	～职，～情
椿	ʦʰun1a	～树，香～
朮	ʦuk8a	白～（中药）
率	ɬɐt7	～领
蟀	ɬɐt7	蟋～
準	ʦun3	瞄～，～则
准	ʦun3	批～，～确
春	ʦʰun1a	立～
蠢	ʦʰun3	～才
出	ʦʰuk8a	～入，～发
脣	sun2	嘴～[文]
脣	sun2	嘴～[训，舷]
順	sun3	～利，～风
術	suk8a	技～
述	suk8a	叙～
舜	sun5	尧～
純	sɐn2	单～，～粹
醇	sɐn2	酒味～
潤	ȵɐn3	利～，～色
閏	ȵɐn3	～月
均	kuɐn1a	平～，～匀
鈞	kuɐn1a	千～一发
橘	kɐt8a	橘子
菌	kʰuɐn3	细～
勻	jun2	均～
允	jun3	～许
尹	vɐn1a	姓，～相杰
分	fɐn1b	～数，区～[文]
分	fɐn1a	给[白]
粉	fɐn3	～笔，面～[文]
粉	fɐn3	～松[白]
糞	fɐn5	粪便
奮	fɐn3	～斗
芬	fɐn1b	～芳
紛	fɐn1a	纠～
彿	fɐt8a	仿～
焚	fɐn2	～烧
墳	fɐn2	～墓，上～
憤	fɐn3	气～，～怒
忿	fɐn3	～～不平
份	fɐn3	～量
佛	fɐt8a	拜～
文	mɐn2	～章，论～
紋	mɐn2	花～
蚊	mɐn1a	～香
聞	mɐn2	新～
吻	mɐn3	接～
問	mɐn5	～题
物	mɐt8a	～理[文]
物	mɐt8a	～件[白]
勿	mɐt8a	非礼～视
君	kuɐn1a	～子
軍	kuɐn1a	～队，参～
屈	vɐt7	委～，～服[文]
屈	vɐt7	委屈，～气[白]
羣	kʰuɐn2	～众
裙	kʰuɐn2	裙子
郡	fɐn3	～主
掘	kʰɐt8a	挖～
倔	kʰɐt8a	～强
熏	fɐn1a	～陶，烟～人[文]
熏	fɐn1a	烟～人,～蚊[白]
勳	fɐn1b	～章
薰	fɐn1a	～衣草
訓	fɐn5	教～，～人
熨	tʰɔn5	～斗[训]
云	vɐn2	古人～
雲	vɐn2	乌～
韻	vɐn3	押～，～律
運	vɐn3	～气，好～
暈	vɐn2	～车，头～[训]
幫	pɔn1a	～忙
榜	pɔn3	～样
謗	pʰɔn3	诽～
博	pɔk8a	～士，广～
滂	pʰɔn2	～沱
泊	pʰɐt8a	梁山～
旁	pʰɔn2	～边
螃	pʰɔn3	～蟹
傍	pʰɔn2	～晚
薄	pʰɔk8a	不厚，～弱
泊	pʰæk8a	停～，淡～
忙	mɔn2	农～，～碌
芒	mɔn1b	～种[节气]
茫	mɔn2	白～～，～然
莽	mɔn3	鲁～
蟒	mɔn3	～蛇
莫	mɔk8a	不要，～非
膜	mɔk8a	薄～
幕	mɔn8a	报～，～布
寞	mɔk8a	寂～
摸	mɔ1b	偷偷～～[文]
摸	mɔ1a	～来～去[白]
當	tɔn1a	～时，应～，～官
襠	tɔn5	裤～
襠	tɔn5	裤～[白]
黨	tɔn3	入～，～员
擋	tɔn3	阻～，～风
當	tɔn1a	～铺，恰～；唔～（不如）
檔	tɔn3	～案
湯	tʰɔn1a	煮～；姓
倘	tʰɔn3	～使
躺	tʰɔn3	平～
燙	tʰɔn5	～手
趟	tʰɔn5	两～
託	tʰɔk8a	～词，推～
托	tʰɔk8a	手承物，～盘
堂	tʰɔn2	～兄，拜～，课～
棠	tʰɔn2	海～
螳	tʰɔn2	～螂
唐	tʰɔn2	～朝；姓
糖	tʰɔn2	白～
塘	tʰɔn2	鱼～
蕩	tʰɔn3	放～，扫～
盪	tʰɔn3	过水，～嘴，～碗[白]
度	tʰu3	思～
囊	nɔŋ2	背～
諾	nɔk8a	承～，～言
郞	lɔŋ2	新～；姓，～平
廊	lɔŋ2	走～
狼	lɔŋ2	～狈，豺～
螂	lɔŋ2	螳～
朗	lɔŋ3	～诵，明～
浪	lɔŋ3	风～，～费
落	lɔk8a	下落
烙	lɔk8a	～印
駱	lɔk8a	～驼
洛	lɔk8a	～阳（地名）
絡	lɔk8a	联～
樂	lɔk8a	～观，快～
贓	ʦɔn1a	～款，贪～枉法
髒	ʦɔn1a	肮～
葬	ʦɔn5	埋～，落～
作	ʦɔk8a	工～，种～
倉	ʦʰɔn1a	～库
蒼	ʦʰɔn1a	～白
錯	tʰɔ5	～开，～杂
藏	tʰɔn2	隐～
藏	ʦʰɔn3	西～，～族
臟	ʦʰɔn3	内～
鑿	tʰɔk8a	用凿子凿
昨	ʦɔk8a	昨天
桑	ɬɔn1a	～叶
喪	ɬɔn5	婚～，～事
嗓	ɬɔn1a	金～子
喪	ɬɔn5	～失
索	ɬɔk8a	绳子，线～
岡	kɔn1a	井～山（地名）
崗	kɔn1a	站～，～位
剛	kɔn1a	～才，～好
綱	kɔn1a	～常，大～
鋼	kɔn5	炼～，～笔
缸	kɔn1a	水～
杠	kʰɔn1a	高低～
各	kɔk8a	～人
閣	kɔk8a	～楼；～下
擱	kɔk8a	耽～
康	hɔn1a	健～
糠	hɔn1a	谷～
慷	hɔn1a	～慨
抗	kʰɔn5	反～，～战
囥	ʔɐm1a	藏
昂	ŋɔŋ1a	～首挺胸，气～～
鄂	ŋɔk8a	湖北简称
鰐	ŋɔk8a	～鱼
行	hɔŋ2	银～
航	hɔŋ2	～行，～线
杭	hɔŋ2	～州
鶴	hɔk8a	仙～
骯	ʔɔŋ1a	～脏
惡	ʔɔk8a	善～，～霸
娘	niœŋ2	姑～
釀	ȵiœŋ2	～豆腐[训]
良	liœŋ2	～好，优～
凉	liœŋ2	天～
量	liœŋ2	衡～，～尺寸
糧	liœŋ2	～食
樑	liœŋ2	姓；～山（地名）
粱	liœŋ2	高～，黄～美梦
兩	liœŋ3	～个
兩	liœŋ1a	半斤八～
亮	liœŋ5	明～
諒	liœŋ5	原～，～解
輛	liœŋ1a	车～，两～
量	liœŋ5	数～
略	lœk8a	省～
掠	lœk8a	～夺
將	ʦiœŋ1a	～来；～军
漿	ʦiœŋ5	豆～，～糊
蔣	ʦiœŋ3	姓，～介石
獎	ʦiœŋ3	～金，得～
槳	ʦiœŋ3	船～
醬	ʦiœŋ3	沙茶～，辣椒～
將	ʦiœŋ3	大～，～士
爵	ʦʰiœt8a	官～，～位
雀	ʦʰiœt8a	麻～，～斑
槍	ʦʰiœŋ1a	手～
搶	ʦʰiœŋ3	～劫
鵲	ʦʰiœt8a	喜～，鸦～
牆	ʦʰiœŋ2	～壁
匠	ʦʰiœŋ3	木～
嚼	ʦʰiœt8a	咀～，～碎
相	ɬiœŋ1a	互～，～打（打架）
箱	ɬiœŋ1a	皮～
廂	ɬiœŋ1a	～房，车～
湘	ɬiœŋ1a	湖南简称，～江
襄	ɬiœŋ1a	～阳（地名）
鑲	ɬiœŋ1a	～牙
想	ɬiœŋ3	～法，思～
相	ɬiœŋ5	宰～，看～，～貌
削	ɬiœt8a	～皮，剥～
詳	ʦʰɔŋ2	～细
祥	ʦʰian2	慈～，吉～
象	ʦʰian3	气～
象	ʦʰian3	大～
象	ʦʰian3	印～，想～
像	ʦʰian5	好～，相～
像	ʦʰian3	头～，～章
橡	ʦʰian3	～胶，～树
張	ʦɔŋ1a	紧～；姓；装东西
長	ʦɔŋ3	生～，省～
漲	ʦɔn5	～价，～潮
帳	ʦɔn5	蚊～
賬	ʦɔn5	算～，～簿
脹	ʦɔn5	～肚，膨～
着	ʦɔk8a	～衫（穿衣服）
暢	tʰɔŋ5	～快，通～
長	tʰɔŋ2	～期，～短
腸	tʰɔŋ2	猪～，～胃
場	tʰɔŋ2	排～，～地
丈	tʰɔŋ3	三丈
丈	ʦʰɔŋ3	姑～
仗	ʦɔŋ5	打～；炮～（鞭炮）
杖	ʦʰɔŋ3	拐～
着	ʦʰɔk8a	～火
莊	ʦɔŋ1a	～园；姓
裝	ʦɔŋ1a	假～
妝	ʦɔŋ1a	化～
壯	ʦɔŋ5	强～
瘡	ʦʰɔŋ1a	痔～
闖	ʦʰɔŋ5	～祸，李～王
創	ʦʰɔŋ5	开～，～造
牀	ʦʰɔŋ2	眠～
狀	ʦʰɔŋ3	告～，～元，～态
霜	ɬiœŋ1a	落～，～降
孀	ɬɔŋ1a	遗～
爽	ɬɔŋ3	～快，直～
章	ʦɔŋ1a	姓；文～
樟	ʦɔŋ1a	～脑丸；～木头（地名）
掌	ʦɔŋ3	巴～，～握
障	ʦɔn5	保～
瘴	ʦɔŋ5	～气
嶂	ʦɔŋ1a	耸立如屏障的山峰
酌	ʦʰœk8a	斟～，～情
昌	ʦʰɔŋ1a	～盛
菖	ʦʰɔŋ1a	～蒲
廠	ʦʰɔŋ3	～长
唱	ʦʰɔŋ5	～歌
倡	ʦʰɔŋ1a	提～
綽	ʦʰɔk8a	～～有余，～号
商	sɔŋ1a	～量，经～
傷	sɔŋ1a	受～
賞	sɔŋ3	欣～，～金
餉	sɔŋ3	军～
常	sɔŋ2	经～，～识；姓
嘗	sɔŋ2	～试，品～
償	sɔŋ2	赔～
上	sɔŋ1a	～山[动]
上	sɔŋ1a	安上，～灯，～灯泡
尙	sɔŋ3	和～，高～
上	sɔŋ1a	～背[方位]；～海（地名）
上	sɔŋ3	桌～，床～
勺	sɔk8a	饭～
芍	ʦʰœt8a	～药；白～（中药）
瓤	nɔŋ1b	瓜～
壤	ȵɔŋ2	土～
讓	ȵɔŋ5	～位
若	ȵɔk8a	～干，～无其事
弱	ȵɔk8a	～点
疆	kiœŋ1a	新～（地名）
僵	kiœŋ1a	冻～，～硬
薑	kiœŋ1a	～糖
繮	kiau1b	～绳
姜	kiœŋ1a	姓，孟～女，～太公
腳	kœt8a	赤～
強	kʰiœŋ2	～大，坚～
強	kʰiœŋ3	勉～
卻	kʰiœt8a	退～，～步
仰	ŋɔn1a	～视
虐	ȵɔk8a	～待
瘧	ȵɔk8a	～疾
香	sɔŋ1a	～味，烧～；～港（地名）
鄕	sɔŋ1a	家～
享	sɔŋ3	～受，分～
響	sɔŋ3	音～
向	sɔŋ5	～东
央	jiɔŋ1a	中～台，党中～[文]
央	jiɔŋ1a	中～（中间）[白]
秧	jiɔŋ1a	插～，～苗
殃	jiɔŋ1a	遭～，～及
約	jiɔk8a	大～，～会
羊	jiɔŋ2	羊
洋	jiɔŋ2	太平～
楊	jiɔŋ2	姓；～树
陽	jiɔŋ2	太～；揭～（地名）
揚	jiɔŋ2	表～，发～
瘍	jiɔŋ2	溃～
養	jiɔŋ1a	培～，～猪
癢	jiɔŋ1a	皮肤痒
樣	jiɔŋ3	一～
樣	jiɔŋ3	～般
藥	jiɔk8a	中～，～片
躍	jiɔk8a	跳～，大～进
光	kɔŋ1a	阳～，～明
廣	kɔŋ3	推～；～东（地名）
桄	kʰɔŋ5	桌椅等腿间的横木
郭	kɔk8a	姓，～靖
曠	kʰɔŋ5	空～，～课
廓	kɔk8a	轮～
擴	kʰɔŋ5	～充，～大
荒	fɔŋ1a	开～，～唐
慌	fɔŋ1a	～张，心～
謊	fɔŋ1a	说～
霍	fɔk8a	姓；～乱
藿	fɔk8a	～香（中药）
黃	vɔŋ2	姓；～色
簧	vɔŋ2	弹～
皇	vɔŋ2	～帝
蝗	vɔŋ2	～虫
凰	vɔŋ2	凤～
晃	fɔŋ3	摇～，～动
晃	fɔŋ3	～光
鑊	vɔk8a	锅
汪	vɔn1a	姓，～洋
方	fɔn1a	地～，大～
肪	fɔn1a	脂～
倣	fɔn3	～效
放	fɔn5	解～，～心[文]
放	fɔn5	～手[白]
芳	fɔn1a	～香
妨	fɔn2	～碍
紡	fɔn3	～织
仿	fɔn3	～照，相～
彷	fɔn3	～佛
訪	fɔn3	采～，～问
房	fɔn2	～间
房	fɔŋ2	姓，～玄龄
防	fɔŋ2	～止，国～
亡	mɔn2	死～
芒	mɔn1b	～果
芒	mɔn1b	～花草（可制扫帚）
網	mɔn3	鱼～，～络
忘	mɔŋ2	～记，遗～[文]
忘	mɔŋ2	～记，遗～[白]
忘	mɔŋ2	添～（忘记）[白]
妄	mɔŋ3	狂～，痴心～想
望	mɔŋ3	失～
縛	fɔk8a	束～
钁	kʰuk8a	锄头，～锄，～头
匡	vɔn1a	～扶正义；赵～胤（人名）
筐	kʰɔn1b	箩～，两～[文]
筐	kʰɔn1b	两～[白]
眶	vɔŋ1b	眼眶
狂	kʰɔŋ2	发～
況	kʰɔŋ5	情～，～且
枉	vɔŋ3	冤～
王	vɔŋ2	姓；大～
往	vɔŋ3	来～，～日
旺	vɔŋ3	兴～
邦	pɔŋ1a	～国；刘～（人名）
綁	pɔŋ3	捆～
剝	mɔk8a	～削，～皮
駁	pɔk8a	反～
胖	pʰɐn5	～子，肥～
樸	pʰɔk8a	～素
龐	pʰɔŋ2	～大；姓，～太师
棒	pʰɐŋ5	棍～，～打鸳鸯
蚌	pʰɔŋ3	～埠（地名）
蚌	pʰɔŋ3	～壳
雹	pʰɔk8a	冰～
樁	ʦɔŋ1a	打～
桌	ʦʰɔk8a	书～
卓	ʦʰɔk8a	～越；姓，～别林
琢	tœt8a	～磨，雕～
啄	tœt8a	～木鸟，鸡～米
撞	ʦʰɔŋ5	～人
濁	vɐn2	浑～
捉	ʦɔk8a	捕～，～棋（下棋）
窗	ʦʰɔŋ1a	门～，～帘
鐲	ʔæk8a	手～
雙	ɬɔŋ1a	一～鞋
朔	ɬɔk8a	每月初一，～望
江	kɔŋ1a	长～，～湖
扛	kʰɔŋ1a	肩扛，双手抬
講	kɔŋ3	～话
港	kɔŋ3	～口；香～（地名）
降	kɔŋ5	下～，～低
虹	hoŋ2	彩～
覺	kau5	～得，知～
角	kɔk8a	牛～，～色
餃	kau3	饺子，水～
腔	hoŋ1a	口～
確	hɔk8a	～定，的～
殼	hɔk7	贝～
嶽	ŋɔk8a	五～
岳	ŋɔk8a	姓，～飞
樂	ŋɔk8a	音～
降	hɔŋ2	投～
項	hɔŋ3	～链；姓，～羽
巷	hɔŋ3	巷子，两条～
學	hɔk8a	数～，～习
握	ʔɔk8a	～手，把～
崩	pɐŋ1a	倒塌，山～，～溃
北	pɐt8a	东南西北
朋	pʰɐŋ2	～友
墨	mɐt8a	～水
默	mɐt8a	沉～，～写
登	tɐn1a	～山，攀～
燈	tɐn1a	～光
等	tɐn3	～人，高～
凳	tɐn5	凳子
得	tɐt8a	获～，～意
德	tɐt8a	品～；～国（国名）
騰	tʰɐn2	奔～
謄	tʰɐn2	～写，～抄
藤	tʰɐn2	～椅
疼	tʰɐn2	疼痛
鄧	tʰɐn3	姓，～小平
特	tʰɐp8a	～别
能	nɐŋ2	才～，～够
肋	lɐp8a	～骨
勒	lɐt8a	～索
曾	ʦɐn1a	姓
增	ʦɐn1a	～加
憎	ʦɐn1a	～恨
則	ʦɐn3	否～，规～
曾	ʦʰɐn2	～经
層	ʦʰɐn2	～次
贈	ʦɐn5	～送
賊	ʦɐt8a	做～
僧	ʦɐn1a	唐～，沙～
僧	ʦɐn1a	～人
塞	ɬɐt7	堵～，～车
肯	hɐn3	～定，中～[文]
肯	hɐn3	愿意，～去[白]
刻	hɐt8a	时～ ，～画[文]
刻	hɐt8a	～字[白]
克	hɐt8a	～服，攻～
黑	hɐt8a	～白
恆	hɐn2	～心，永～
冰	pɐn1a	结～，～箱
憑	pʰɐŋ2	文～，～借[文]
憑	pʰɐŋ2	倚靠，～墙[白]
陵	lɐŋ2	中山～
淩	lɐŋ2	冰淇～，壮志～云
菱	lɐŋ2	～角
力	lɐt8a	大～，～量
卽	ʦɐt7	～时，立～
鯽	ʦɐt8a	～鱼
息	ɬɐt8a	休～[文]
息	ɬɐt8a	子息，孙～[白]
熄	ɬɐt8a	～火
媳	ɬɐt8a	～妇，婆～
徵	ʦɐn1a	～求
□	pʰɐn2	澄清
澄	kʰɐn2	水浑，澄一澄[白]
澄	ʦʰɐn2	～海（地名）[白]
懲	ʦʰɐn2	～罚，严～
橙	ʦʰɐn2	橙子
瞪	tɐn1a	瞪眼，目～口呆[文]
瞪	tɐn1a	瞪眼[白]
直	ʦʰɐt8a	～接
値	ʦʰɐt8a	价～，～日
側	ʦɐt8a	～面
測	ʦʰɐt8a	～量，观～
色	sɐt8a	颜～，～彩
蒸	ʦɐn1a	清～，～发
拯	sɐn2	～救；包～（人名）
證	ʦɐn5	～明
症	ʦɐn5	～状
織	ʦɐn3	纺～，～布
職	ʦɐn3	～位，称～
稱	ʦʰɐn5	～心如意，对～
稱	ʦʰɐn1a	～呼
秤	ʦʰɐn5	用以称物，～砣
乘	sɐn2	～机，～车
乘	sɐn2	加减乘除
繩	sɐn2	～之以法
塍	sɐn2	田～
剩	sɐn3	～下，～余
食	sɐt8a	粮～；吃
蝕	sɐt8a	腐～
升	sɐn1a	～级
勝	sɐn5	～任
勝	sɐn5	～利，战～
識	sɐt8a	相～，～字
式	sɐt8a	～样，公～
飾	sɐt8a	装～
承	sɐn2	～担，继～
丞	sɐn2	～相
殖	ʦʰɐt8a	繁～
植	ʦʰɐt8a	～物
仍	ȵɐn2	～然
極	kʰɐt8a	南～
凝	ŋɐn2	～聚，～结
凝	ŋɐn2	凝固，～油[训]
凝	ŋɐn2	冰霜，霜～[训]
興	hɐn1a	～旺；绍～（地名）
興	hɐn5	高～，～趣[文]
興	hɐŋ5	高兴[白]
應	jɐn1a	～当，～该
應	jɐn5	～用，响～
鷹	jɐn1a	老～
憶	jɐt7	回～
億	jɐt7	十～
抑	jɐt8a	～制，压～
蠅	sɐn2	乌～（苍蝇）
孕	ȵɐn3	怀～，～妇
翼	jɐt7	鸡～，机～
國	kɔk8a	～家，中～
弘	hian2	～扬
或	væk7	～者
惑	væk7	迷～
域	jɐt7	领～，地～
百	pæk8a	～姓
柏	pæk8a	松～，～树；～林（地名）
伯	pæk8a	大～
迫	pɐt8a	压～，～害[训]
烹	pʰɐŋ1a	～调
拍	pʰæk8a	～片，～球
珀	pʰæk8a	琥～
魄	pʰæk8a	魂～，气～
彭	pʰɐŋ2	姓，～德怀
膨	pʰɐŋ2	～胀
白	pʰæk8b	～色
盲	mɐŋ2	文～，～目
虻	mɔŋ2	牛～
猛	mɐŋ3	～烈，凶～
孟	mɐŋ3	姓，～姜女
扌百	mæk8a	大力打
陌	pɐt8a	～生人
打	ta3	～针
冷	lɐŋ1a	～热，～清
撐	ʦʰɐn1a	支～，～开
拆	ʦʰæk8a	～开
澤	ʦʰæk8b	毛～东（人名）
擇	ʦʰæk8b	选～[文]
擇	tʰɔk8a	～菜[白]
宅	ʦæk8b	住～
窄	ʦæk8a	狭～
生	ɬɐn1a	学～，～活[文]
生	ɬɐn1a	与“死”相对[白]
牲	ɬɐn1a	牺～[文]
牲	ɬɐn1a	头～[白]
甥	ɬɐn1a	外～
省	ɬɐn3	～长，节～[文]
省	ɬɐn3	节省，～钱[白]
更	kɐn5	～换，～衣
更	kɐn1a	五～
庚	kɐn1a	天干，庚辛壬癸
羹	kɐn1b	调～；米糊
哽	kʰɐn3	哽住，骨头～到
梗	kɐn3	心肌～塞[文]
梗	kɐn3	茎，菜～[白]
更	kɐn5	～加
格	kɐk8a	～式；还珠～～[文]
格	kɐk8a	空～，三～[白]
坑	hɐn1a	水～，～沟
客	hɐk8a	请～
硬	ŋɐn3	软～
額	ŋɐt8a	名～
亨	hɐn1a	～通；～特（人名）
赫	hɐt8a	～～有名，显～
嚇	hɐt8a	～一跳
行	hɐŋ2	～为；行走
衡	hɐŋ2	～量，平～
杏	hɐn3	～仁
行	hɐŋ2	品～
浜	pɐn1a	沙家～
擘	mɐt8a	用手分开，～开
棚	pʰɐn2	楼～，瓜～
萌	mɐŋ2	～芽
氓	mɔŋ2	流～
麥	mɐt7	小～，～芽糖
脈	mɐt8a	～搏，把～
摘	ʦɐt8a	～菜
爭	ʦɐn1a	～取，斗～[文]
爭	ʦɐn1a	相～，～唔多（差不多）[白]
箏	ʦɐn1a	风～
睜	ʦɐn1a	～眼
責	ʦɐt8a	～任，负～
策	ʦʰɐt8a	～划，政～
冊	ʦʰɐt8a	两～，～封
耕	kɐn1a	～田
耿	kɐn3	忠心～～；姓，～精忠
革	kɐt8a	～命，改～
隔	kɐt8a	～壁
莖	kiɐn5	根；莲～
幸	hɐn3	荣～，～福
鶯	ʔɐn1a	黄～，夜～
鸚	jiɐn1a	～鹉
櫻	jiɐn1a	～桃
扼	ʔɐt8a	～杀，～制
軛	ʔɐt8a	牛～（牛耕田时套的人字形工具）
兵	pɐn1a	当～
丙	pian3	天干，甲乙丙丁
秉	pʰɐn3	～持，～公办事
柄	pian5	刀～，把～
碧	piɐt8a	～玉，～绿
平	pʰɐn2	和～，～时[文]
平	pʰian2	～头，～地[白]
坪	pʰɐn2	草～
評	pʰɐn2	批～，～论
病	pʰian3	～人
鳴	mɐn2	～叫
明	mɐn2	～白，清～[文]
明	mɐn2	清～[白]
盟	mɐn2	同～，～友
皿	mɐn3	器～
命	mian3	～令[文]
命	mian3	～运，算～[白]
京	kiɐn1a	北～，～剧
荊	kiɐn1a	～州（地名）[文]
荊	kiɐt7	布～子（中药）[白]
驚	kiɐn1a	害怕；～蛰
境	kiɐn3	环～，～界
景	kiɐn3	～色，风～
警	kiɐn3	～察，报～
敬	kiɐn5	尊～，～酒
竟	kiɐn3	～然
鏡	kian5	镜子
卿	hiɐn1a	～家；人名用字
慶	hiɐn5	～祝
擎	kiɐn3	举起，～旗
鯨	kiɐn1a	～鱼
競	kiɐn5	～争，～赛
劇	kʰiɛt8a	～烈，京～[文]
劇	kʰiɛt8a	快[白]
屐	kʰiɛp8a	木～
迎	ŋɐn2	～接，欢～
逆	ŋiɐt8a	～风
英	jin1a	～雄；～国（国名）
影	jɐn3	电～
映	jɐn3	反～
餠	pian3	～干
倂	pʰɐn5	合～
璧	piɐt8a	美玉，珠联～合
聘	pʰɐn5	～请，特～
僻	pʰɐt8a	偏～，～静
闢	pʰɐt8a	开～，复～
名	mian2	姓～
領	lian1a	～导，衫～（衣领）
嶺	tian1a	～南[文]
嶺	lian1a	～岗[白]
令	liɐn1a	命～，口～
精	ʦiɐn1a	～神
晶	ʦiɐn1a	水～
睛	ʦiɐn1a	眼～
井	ʦian3	～水，～～有条
積	ʦiɛt8a	～极，累～
跡	ʦiɛt8a	～象，痕～[文]
跡	ʦiɛt8a	脚～，油～[白]
脊	ʦiɛt8a	～椎，背～
淸	ʦʰiɐn1a	～楚，～水[文]
淸	ʦʰiɐn1a	～明[白]
請	ʦʰian3	～人，邀～
情	ʦʰiɐn2	感～，～节[文]
情	ʦʰiɐn1a	亲～（亲戚）[白]
晴	ʦʰiɐn2	天～
靜	tʰiɐn3	安～
靖	tʰiɐn3	李～（人名）
淨	ʦʰian3	干～
籍	ʦʰiɐt8a	祖～，～贯
藉	ʦʰiɐt8a	狼～
省	ɬɐn3	反～
性	ɬiɐn5	～别，天～
姓	ɬian5	～名
惜	ɬiɐt8a	疼爱[白]
惜	ɬiɐt8a	可～，珍～[文]
昔	ɬiɐt8a	～日，今～
席	ʦʰiɐt8a	酒～，主～
蓆	ʦʰiɛt8a	草～
夕	ʦʰiɐt8a	～阳
貞	ʦɐn1a	～节
偵	ʦɐn1a	～察，刑～
逞	ʦʰɐn2	～能，得～
呈	ʦʰɐn2	～现，辞～
程	ʦʰɐn2	～度，路～[文]
程	ʦʰɐn2	姓[白]
鄭	ʦʰian3	～重；姓
正	ʦɐn1a	～月
征	ʦiɐn1a	长～，特～
整	ʦiɐn3	～体，完～[文]
整	ʦiɐn3	修理，～车[白]
正	ʦiɐn5	立～，～直[文]
正	ʦiɐn5	～好，～来[白]
政	ʦiɐn5	行～，～治
隻	ʦɐt7	两～
炙	ʦiɐt8a	烤火，～火
赤	ʦʰiɐt7	～色，～脚
斥	ʦʰiɐt7	排～，～责
尺	ʦʰɐk7	～寸
射	sa3	～箭，发～
聲	sɐn1a	～音，笑～
聖	siɐn2	神～，～水
適	ɬiɐt7	～应，合～
釋	ɬiɐt8a	解～
成	sɐn2	～功，完～[文]
成	sɐn2	两～[白]
成	sɐn2	事成，做～[白]
城	sɐn2	～市，县～
誠	sɐn2	真～，～实
盛	siɐn5	兴～，茂～
石	sɐt8a	～头，～榴
頸	kian3	脖子
輕	hian1a	年～，～松[文]
輕	hian1a	不重；年～，～松[白]
嬰	jin1a	～儿
纓	jin1a	红～枪
益	jiɐt7	得～，有～
盈	ȵɐn2	～利，～亏
贏	jɐn2	～输
亦	jiɐt8a	～可以
譯	jiɐt8a	翻～
易	jiɐt8a	交～，贸～
液	jiɐt8a	～体，输～
腋	jiɐt8a	～下
壁	pɐt8a	墙～
拼	pʰɐn1a	～音
劈	pʰiɛt8a	～开，用刀～，雷～
霹	pʰiɐt7	～雳舞
甁	pʰɐn2	热水～
屛	pʰɐn2	～风，～障
萍	pʰɐn2	薸[训]
萍	pʰɐn2	～水相逢；人名用字
並	pʰɐn5	～且，～排
銘	mian2	～文，～刻
丁	tɐn1a	天干；姓
釘	tɐn1a	铁～[名]
頂	tian3	山～[白]
頂	tɐn1a	～唔得（顶不住）[文]
鼎	tɐn1a	～盛
釘	tɐn1a	～铁钉[动]
訂	tɐn5	预～，～房间
的	tɐt7	目～，～确
滴	tɐt7	～水，两～
嫡	tiɐt7	～系，～亲，～子
聽	tʰɐn1a	～话
廳	tʰɐn1a	客～，～长
汀	tɐn1a	长～，～江（地名）
聽	tʰɐn1a	听任，～佢（随他）
踢	tʰɐt8a	～球
剔	tʰiɐt7	挑～
亭	tʰɐn2	凉～
停	tʰɐn2	～止
廷	tʰɐn2	朝～
庭	tʰɐn2	家～，～院
蜓	tʰɐn2	蜻～
艇	tʰɐn3	快～，潜～
挺	tʰɐn2	坚～，叶～[文]
挺	tʰɐn2	～起来[白]
定	tʰɐn2	稳～；永～（地名）
笛	tʰɐt8a	笛子
敵	tʰɐt8a	～人
狄	tʰɐt8a	姓，～青
糴	tʰɐt8a	～米（买米）
寧	nɐn2	安～；～波（地名）
寧	nɐn2	～可
溺	nɐt7	～爱，～死
靈	liɐn2	～活
零	liɐn2	十～个，～头
鈴	liɐn2	～声，风～
伶	liɐn2	聪明～俐[文]
伶	liɐn2	～俐（干净）[白]
另	lɐn3	～外
歷	lɐt8a	～史，经～
曆	lɐt8a	日～，～书
績	ʦɐt8a	成～
靑	ʦʰɐn1a	～色，～年
蜻	ʦʰɐn1a	～蜓
戚	ʦʰɐt8a	亲～；姓，～继光
寂	ʦʰɐt8a	～寞
星	ɬɐn1a	火～，～～[文]
星	ɬɐn1a	～夜[白]
腥	ɬɐn1a	～味[文]
腥	ɬɐn1a	菜腥味，臭～[白]
腥	ɬɐn1a	～味，臭镬～[白]
猩	ɬɐn1a	大～～
醒	ɬian3	清～，～过来
錫	ɬɐt7	～纸；无～（地名）
析	ɬɐt8a	分～[文]
析	ɬɐt8a	量词，一～（一片）[白]
經	kiɐn1a	念～，～济[文]
徑	kiɐn5	半～
經	kiɐn1a	～纬，～线[文]
經	kiɐn1a	～丝（蜘蛛织网）[白]
經	kiɐn1a	～开；绊倒[白]
擊	kiɐt8a	～中，打～
激	kiɐt8a	～动
馨	hiɐn1a	温～
形	jɐn2	～状，地～
型	jiɐn3	～号，类～
刑	jiɐn2	判～，～法
礦	kʰɔŋ5	煤～，～工
橫	vɐŋ2	～直
橫	mɐŋ2	蛮～[文]
轟	kʰɐn1a	～炸
宏	vɐn2	～大
獲	væk7	收～
獲	væk7	～奖
劃	væk7	计～，～线
兄	hiɐn1a	～弟
榮	jian2	光～，～誉
永	viɐn3	～远
泳	viɐn3	游～
詠	viɐn3	歌～
傾	kʰiɐn1a	～向，左～
頃	kʰiɐn3	千～，～刻
瓊	kʰiɐn2	～楼；人名用字
營	jɐn2	国～，～养[文]
營	jɐn2	～长[白]
穎	viɐn3	新～；邓～超（人名）
疫	jiɐt8a	～苗，防～站
役	jiɐt8a	战～
螢	jɐn2	～火虫
卦	kua5	占～；姓
蔔	pʰæk8b	萝～
撲	pʰɔk8a	反～，～灭
仆	pʰɔk8a	倒下
篷	pʰoŋ2	帐～
蓬	foŋ2	～勃；～莱（地名）
僕	pok7	奴～，～人
曝	pʰu3	～光，一～十寒
瀑	pʰu3	～布
蒙	moŋ2	～蔽，天～～，～古（地名）
懵	moŋ3	～懂
木	mok8a	～工
東	toŋ1a	东南西北
董	toŋ3	古～；姓，～存瑞
懂	toŋ3	懵～，唔懂（不懂）
凍	toŋ5	冰～，～伤
棟	toŋ5	～梁；两～
通	tʰoŋ1a	～过，～风，打～
桶	tʰoŋ3	水～
捅	tʰoŋ3	～破
痛	tʰoŋ5	～苦
禿	tʰok7	～头
同	tʰoŋ2	相～，～学
銅	tʰoŋ3	金银～铁
桐	tʰoŋ2	～油，梧～
筒	tʰoŋ2	电～，话～
童	tʰoŋ2	～年，儿～
瞳	tʰoŋ2	～孔
動	tʰoŋ3	～作[文]
動	tʰoŋ3	～来～去[白]
洞	tʰoŋ3	山～，～察
獨	tʰok8a	单～，～立
讀	tʰok8a	～书，阅～
籠	loŋ2	鸟～，～罩
聾	loŋ2	耳～
攏	loŋ2	靠～，～总（一共）
弄	loŋ3	玩～
鹿	lok8a	～角，梅花～
椶	ʦoŋ1a	～树，～色
鬃	ʦoŋ1a	马～，猪～
總	ʦoŋ3	～共，汇～
糉	ʦoŋ5	粽子
聰	ʦoŋ1a	～明
蔥	ʦʰoŋ1a	葱
囪	ʦʰoŋ1a	烟～
叢	ʦʰoŋ2	草～，～书
族	ʦʰok8a	～长，民～
送	ɬoŋ5	～人
速	tʰok7	～度
公	koŋ1a	～安，办～
蚣	koŋ1a	蜈～
工	koŋ1a	～人，打～
功	koŋ1a	～夫，成～
攻	koŋ1a	～击，进～
貢	koŋ5	～献
穀	kok8a	五～
谷	kok8a	山～
空	koŋ1a	～虚，天～
空	hoŋ1a	～缺
孔	hoŋ3	钻～；姓，～子
控	hoŋ5	～制
哭	kiau5	～泣
烘	hoŋ5	～干
哄	hoŋ5	～骗
紅	hoŋ2	～色
洪	hoŋ2	～水；姓，～秀全
鴻	foŋ2	大展～图
汞	koŋ5	水银，～柱
斛	fok7	石～（中药）
翁	jioŋ1b	白头～；姓
甕	ʔɐn1a	小口大肚陶器
屋	ʔok8a	老～
冬	toŋ1a	过～，～节（冬至）
督	tok8a	～促，监～
統	tʰoŋ3	～一，总～
毒	tʰok7	中～，～药
農	noŋ1b	～村
膿	noŋ1b	化～
宗	ʦoŋ1a	祖～，～教
綜	ʦoŋ1a	～合；织布机上的综
鬆	ɬoŋ1a	轻～，放～
宋	ɬoŋ5	～朝；姓，～美龄
酷	hu5	残～
沃	jok7	肥～
風	foŋ1a	大～，～气
楓	foŋ1a	～树，～叶
瘋	foŋ1a	～狂
諷	foŋ3	～刺
福	fok8a	～气，享～
幅	fok7	一～画，～度
蝠	fok8a	蝙～
輻	fok8a	～射
複	fok8a	重～，～印，～写纸
腹	fok8a	心～，收～
豐	foŋ1a	～收
覆	fok8a	～盖[文]
覆	kʰɐt7	倒扣，碗倒扣在桌面[白]
馮	foŋ2	姓
鳳	foŋ3	～凰
服	fok8a	～务
伏	fok8a	三～，起～[文]
伏	pʰok7	趴，在桌子上趴着睡[白]
袱	fok8a	包～
復	fok8a	恢～，～原，报～
夢	moŋ3	发～
目	mok8a	～的；节～
穆	mok8a	姓，～桂英
牧	mok8a	放～，畜～局
隆	loŋ2	兴～，～重
六	lok8a	数字
陸	lok8a	大～，～续
嵩	soŋ2	～山；严～（人名）
肅	lok7	严～
宿	lok7	～舍，住～
中	ʦoŋ1a	～间，～秋[文]
中	ʦoŋ1a	～央；头顶物，～头帕[白]
忠	ʦoŋ1a	～心
中	ʦoŋ5	射～，～状元
竹	ʦok8a	～叶
築	ʦʰok8a	建～
畜	ʦʰok7	牲～，～牲
蟲	ʦʰoŋ2	害～
仲	ʦʰoŋ3	伯～叔；杜～（中药）
逐	ʦʰok8a	～渐，驱～
軸	ʦʰok8a	压～，～承
崇	soŋ2	～高，推～
縮	ɬok7	压～，～小
終	ʦoŋ1a	～于，始～
眾	ʦoŋ5	群～
祝	ʦok8a	～贺，庆～
粥	ʦok8a	煮～
充	ʦʰoŋ1a	～分，冒～
叔	sok7	二～，～～
熟	sok8a	煮～，～悉
淑	sok7	～女，贤～
戎	jioŋ2	～马生涯
絨	jioŋ2	灯芯～，～毛
肉	ȵok8a	猪～
弓	koŋ1a	～箭
躬	koŋ1a	鞠～
宮	koŋ1a	～殿，大闹天～
菊	kok8a	～花
麴	kʰok7	酒～
窮	kʰoŋ2	～人，无～
畜	ʦʰok7	～牧局
蓄	ʦʰok8a	储～，～水
郁	jiok7	抑～；～金香；姓
熊	joŋ2	～猫
雄	soŋ2	英～
融	joŋ2	～化；孔～（人名）
育	jok8a	教～
封	foŋ1a	密～
峯	foŋ1a	山～
蜂	foŋ1a	蜜～
鋒	foŋ1a	～利；雷～（人名）
捧	pʰɐn5	吹～
逢	foŋ2	相～，～年过节[文]
逢	foŋ2	～到（遇到）[白]
縫	foŋ2	裁～
奉	foŋ3	～献，～承
俸	foŋ3	～禄，薪～
縫	foŋ2	一条～，裂线～
濃	noŋ2	～厚[文]
濃	noŋ2	～淡；稠密[白]
龍	loŋ2	～头
壟	loŋ3	～断
綠	lok8a	～色
錄	lok8a	记～，～取
蹤	ʦoŋ1a	失～，～影
縱	ʦoŋ1a	～横，放～
足	ʦok8a	～球，满～
從	ʦʰoŋ2	～容
促	ʦok8a	督～，～进
從	ʦʰoŋ2	跟～，～来
慫	ʦoŋ5	～恿
粟	ɬok7	包～，～米，～子粄
松	ʦʰoŋ2	～树
誦	ʦʰoŋ3	背～
頌	ʦʰoŋ3	歌～
訟	ʦʰoŋ3	诉～
俗	ʦʰok8a	风～
續	ʦʰok8a	继～，～集
寵	ʦʰoŋ3	～爱，得～
重	ʦʰoŋ2	～复
重	ʦʰoŋ1a	～量[文]
重	ʦʰoŋ1a	轻～[白]
鐘	ʦoŋ1a	两点～，闹～
盅	ʦoŋ1b	酒～，两～酒
種	ʦoŋ3	～类，树～[名，量]
種	ʦoŋ5	～田[动]
腫	ʦoŋ3	～起来，水～
燭	ʦok8a	蜡～
囑	ʦok8a	遗～，～托
衝	ʦʰoŋ1a	～锋枪
觸	ʦʰok8a	接～，～犯
贖	sok8a	～罪
舂	tʰun1a	～米
束	tʰok8a	结～
蜀	ʦʰok8a	四川简称，乐不思～
屬	ʦʰok8a	～于，家～
茸	joŋ1b	鹿～
辱	jok8a	污～
褥	jok8a	垫被，褥子
恭	koŋ1a	～敬
供	koŋ1a	提～，～应
拱	koŋ3	～手，～桥
鞏	koŋ3	～固
供	koŋ1a	～细人（生小孩）
恐	hoŋ3	～怖
曲	kʰok7	歌～，～折
共	kʰoŋ3	一～，～同
局	kʰok8a	～部，公安～
玉	ȵok8a	白～
獄	jok8a	监～
胸	hoŋ1a	心～
凶	hoŋ1a	吉～
兇	hoŋ1a	～恶
雍	jioŋ1a	～正皇帝
擁	jioŋ3	～护
容	jioŋ2	～易，宽～
蓉	jioŋ2	芙～
鎔	jioŋ2	朱～基（人名）
庸	jioŋ2	平～，～俗
勇	ȵoŋ3	～敢
湧	ȵoŋ3	～现，洶～
用	jioŋ3	～处
用	jioŋ3	有～
欲	jiok8a	～速则不达
慾	jiok8a	～望，贪～
浴	jiok8a	沐～露[文]
浴	jiok8a	～堂（浴室）[白]
屙	ʔɔ1a	排泄，～尿，～屎
播	pɔ5	广～，～种
墅	ɬui3	别～
沸	fɐt8a	沸腾
竂	liau1b	茅～，鸡～
煞	ɬæk8b	凶神恶～
健	kian5	～康
癲	tian1a	～鬼
櫼	mɛ5	塞，挤
逩	pɐn1a	投～
詢	ʦʰun2	咨～，～问
圳	ʦɐn5	深～；田中小沟
踭	ʦɐn1a	脚后跟，脚～
坼	ʦʰæk8a	裂开，爆～
戟	kit8a	巴～（中药，鸡肠风）
脊	ʦiɛt8a	山～（山脊），屋～（屋脊）
嫲	ma2	雌性
脢	mɔi2	背～（背部），～肉（背脊肉）
髀	pi3	大～（大腿）
褸	lɐi1a	大～
竇	tɐi5	鸟～
竇	tɐi5	鼻～炎；姓
腩	nam1a	肚～
□	kɐk8a	檩子，承重的横木
斫	ʦam3	砍，～树
簕	lɐt8a	刺
罌	ʔɐn1a	小口大肚的瓶子
丟	tiu1a	扔弃
壢	liɛt8a	地～（旱地）
□	vɔ1b	坑
焗	kʰok8a	盐～鸡
摝	lok7	搅拌，～水
熝	næk8a	烫，～人
唔	mɔ2	不
啱	ŋam1a	合适，恰巧
嫽	liau3	玩耍
噍	ȵai5	嚼
擸	ʦʰun1a	叠起（散乱的碗）[动]；一～碗[量]
浼	mæk7	体垢
頦	ŋɔk8a	脖子前面部分，大～
猋	piau1a	跳，快走
□	kiau1b	～线（绕线）
□	sɐp8a	淋雨
罅	kʰia5	缝，手指～
珓	kau5	圣～
□	hɔn2	饭～（饭粒）
惶	kʰɔŋ2	害怕
跔	pɐi1b	蹲；腿蜷曲
癐	kʰɔi3	累，疲乏
窿	loŋ1b	穿～（破洞）
洞	tʰoŋ3	涵～（涵洞）
菜	ʦʰɔi5	菜肴
轆	lok7	轮子
丟	tiu1a	丢，扔
呃	ŋɐt7	欺骗
跟	kɐn1a	找，寻找；挣（钱）
烊	jioŋ2	融化
奀	ŋian1b	瘦小
諗	nɐn3	思考
梘	kan3	肥皂
慳	han1a	节俭
踎	pɐi1b	蹲
孖	lɔn1a	双
乸	ma2	雌性
嘢	ȵa1a	东西
咪	mɐi1b	麦克风
攞	lɔ1a	拿，取
煲	pɔ1a	煲
蠔	hɔ2	海蛎
睇	tʰɛ3	看
冚	kʰɐp7	盖住
和	vɔ2	～气[文]
岔	ʦʰa1b	三～路口
姐	ʦi3	姐姐2[白]
塊	fai5	一～
