#漢字	音標	解釋	繁簡
備	pi6		簡
祕	ɓi5		簡
彌	mi2		簡
瀰	mi2		簡
廝	fi1		簡
俬	fi1		簡
絲	fi1		簡
餈	fi2		簡
辭	fi2		簡
詞	fi2		簡
飼	fi6		簡
資	ti1		簡
諮	ti1		簡
茲	ti1		簡
賜	tʰi5		簡
廁	tʰi5		簡
擬	ni3		簡
膩	ni6		簡
籬	li2		簡
離	li2		簡
釐	li2		簡
裏	li4	一~路	簡
裡	li4	一~路	簡
鯉	li4		簡
梔	tsi1		簡
紙	tsi3		簡
隻	tsi3	~有	簡
祇	tsi3	~有	簡
緻	tsi5		簡
誌	tsi5		簡
癡	tsʰi1		簡
恥	tsʰi3		簡
齒	tsʰi3		簡
兒	ȵi1		簡
議	ȵi3		簡
爾	ȵi4		簡
誼	ȵi6		簡
貳	ȵi6		簡
餌	ȵi6		簡
師	si1		簡
獅	si1		簡
屍	si1		簡
詩	si1		簡
馳	si2		簡
遲	si2		簡
時	si2		簡
駛	si3		簡
試	si5		簡
視	si6		簡
飢	ki1		簡
饑	ki1		簡
幾	ki1	~乎	簡
幾	ki1	~乎	簡
機	ki1		簡
譏	ki1		簡
騎	ki2		簡
紀	ki3		簡
幾	ki3	~个	簡
記	ki5		簡
鰭	ki6		簡
犧	hi1		簡
煕	hi1		簡
豈	hi3		簡
戲	hi5		簡
棄	hi5		簡
氣	hi5		簡
醫	∅i1		簡
儀	∅i2		簡
義	∅i6		簡
異	∅i6		簡
鋪	pʰu1	~设	簡
譜	pʰu3		簡
鋪	pʰu5	店~	簡
補	ɓu3		簡
寶	ɓu3		簡
佈	ɓu5		簡
報	ɓu5		簡
無	mu2		簡
鵡	mu4		簡
務	mu6		簡
霧	mu6		簡
蘇	fu1		簡
甦	fu1		簡
囌	fu1		簡
騷	fu1		簡
撫	fu3		簡
輔	fu3		簡
婦	fu4		簡
訴	fu5		簡
庫	fu5		簡
掃	fu5		簡
賦	fu6		簡
訃	fu6		簡
負	fu6		簡
塗	tu2		簡
圖	tu2		簡
濤	tu2		簡
組	tu3		簡
棗	tu3		簡
導	tu4		簡
竈	tu5		簡
鍍	tu6		簡
盜	tu6		簡
討	tʰu3		簡
賭	ɗu3		簡
禱	ɗu3		簡
島	ɗu3		簡
盧	lu2		簡
爐	lu2		簡
蘆	lu2		簡
鸕	lu2		簡
廬	lu2		簡
勞	lu2		簡
嘮	lu2		簡
魯	lu4		簡
櫓	lu4		簡
虜	lu4		簡
滷	lu4		簡
鹵	lu4		簡
賂	lu6		簡
鷺	lu6		簡
髙	ku1		簡
錮	ku5		簡
僱	ku5		簡
顧	ku5		簡
吿	ku5		簡
烏	∅u1		簡
塢	∅u1		簡
伕	∅u1		簡
膚	∅u1		簡
誣	∅u1		簡
鬍	∅u2		簡
衚	∅u2		簡
壺	∅u2		簡
滸	∅u3		簡
戶	∅u4		簡
滬	∅u4		簡
褲	∅u5		簡
奧	∅u5		簡
護	∅u6		簡
惡	∅u6	恨，可~	簡
噁	∅u6	恨，可~	簡
號	∅u6	~数	簡
號	∅u6	~数	簡
須	fy1		簡
鬚	fy1		簡
儲	fy4		簡
敍	fy4		簡
緖	fy4		簡
趨	ty1		簡
驢	ly2		簡
裏	ly3	~面	簡
裡	ly3	~面	簡
呂	ly4		簡
呂	ly4		簡
縷	ly4		簡
屢	ly4		簡
裏	ly4		簡
裡	ly4		簡
慮	ly6		簡
濾	ly6		簡
豬	tsy1		簡
諸	tsy1		簡
誅	tsy1		簡
硃	tsy1		簡
駐	tsy5		簡
註	tsy5		簡
鑄	tsy5		簡
處	tsʰy5	~所	簡
處	tsʰy5	~所	簡
魚	ȵy2		簡
漁	ȵy2		簡
語	ȵy4		簡
書	sy1		簡
輸	sy1		簡
廚	sy2		簡
數	sy3	动词	簡
豎	sy4		簡
數	sy5	名词	簡
樹	sy6		簡
車	ky1	~马炮	簡
舉	ky3		簡
榘	ky3		簡
鉅	ky4		簡
據	ky4		簡
鋸	ky5		簡
倶	ky6		簡
懼	ky6		簡
樞	kʰy1		簡
駒	kʰy1		簡
區	kʰy1		簡
驅	kʰy1		簡
虛	hy1		簡
噓	hy1		簡
籲	hy1		簡
許	hy3		簡
於	∅y1		簡
餘	∅y2		簡
餘	∅y2		簡
楡	∅y2		簡
與	∅y4		簡
馭	∅y6		簡
禦	∅y6		簡
譽	∅y6		簡
預	∅y6		簡
娛	∅y6		簡
癒	∅y6		簡
喩	∅y6		簡
鈀	pa2		簡
壩	ɓa5		簡
罷	ɓa5		簡
馬	ma4		簡
碼	ma4		簡
駡	ma6		簡
査	tsa1	山~	簡
詐	tsa5		簡
紗	sa1		簡
塗	sa2		簡
査	sa2	调~	簡
灑	sa3		簡
傢	ka1		簡
傢	ka1		簡
賈	ka3		簡
駕	ka5		簡
價	ka5		簡
蝦	ha1	~蟆	簡
蝦	ha1	~蟆	簡
鴉	∅a1		簡
椏	∅a1		簡
啞	∅a3		簡
亞	∅a5		簡
廈	∅a6	偏~，前廊后~	簡
廈	∅a6	偏~，前廊后~	簡
掛	kua5		簡
誇	kʰua1		簡
窪	∅ua1		簡
華	∅ua2	中~	簡
鏵	∅ua2		簡
華	∅ua6	~山，姓	簡
樺	∅ua6		簡
畫	∅ua6		簡
話	∅ua6		簡
寫	fie3		簡
瀉	fie5		簡
謝	fie6		簡
藉	tie5		簡
車	tsʰie1	马~	簡
賒	sie1		簡
捨	sie3	~弃	簡
捨	sie5	宿~	簡
爺	∅ie2		簡
頗	pʰo1		簡
饃	mo2		簡
鎖	fo3		簡
瑣	fo3		簡
駝	to2		簡
馱	to2	~子	簡
馱	to2	~子	簡
橢	to4		簡
錯	tʰo5	~误	簡
腦	no4		簡
惱	no4		簡
羅	lo1	~嗦	簡
羅	lo2		簡
鑼	lo2		簡
蘿	lo2		簡
騾	lo2		簡
腡	lo2		簡
礎	tsʰo3		簡
鋤	so2		簡
個	ko3		簡
箇	ko3		簡
鵝	ŋo2		簡
餓	ŋo6		簡
賀	∅o6		簡
顆	luo3		簡
鍋	kuo1		簡
過	kuo5		簡
訛	ŋuo1		簡
臥	ŋuo6		簡
窩	∅uo1		簡
課	∅uo1		簡
蝸	∅uo1		簡
夥	∅uo3		簡
禍	∅uo4		簡
貨	∅uo5		簡
敗	pai6		簡
擺	ɓai3		簡
襬	ɓai3		簡
買	mai4		簡
賣	mai6		簡
邁	mai6		簡
態	tʰai5		簡
貸	tʰai5		簡
帶	ɗai5		簡
賴	lai6		簡
癩	lai6		簡
齋	tsai1		簡
債	tsai5		簡
釵	tsʰai1		簡
曬	sai5		簡
階	kai1		簡
屆	kai5		簡
捱	∅ai1		簡
柺	kuai3		簡
懷	∅uai2		簡
塊	∅uai3		簡
壞	∅uai6		簡
幣	pei6		簡
斃	pei6		簡
閉	ɓei5		簡
謎	mei2		簡
棲	fei1		簡
齊	fei2		簡
臍	fei2		簡
細	fei5		簡
擠	tei1		簡
劑	tei1		簡
題	tei2		簡
際	tei5		簡
滯	tei5		簡
濟	tei5		簡
遞	tei6		簡
隸	tei6		簡
體	tʰei3		簡
屜	tʰei5		簡
牴	ɗei3		簡
禮	lei4		簡
勵	lei6		簡
麗	lei6		簡
製	tsei5		簡
蟻	ȵei4		簡
篩	sei1		簡
勢	sei5		簡
雞	kei1		簡
計	kei5		簡
繼	kei5		簡
係	kei5	~鞋带	簡
繫	kei5	~鞋带	簡
啓	kʰei3		簡
僞	ŋei6		簡
藝	ŋei6		簡
係	∅ei6	确~实情	簡
繫	∅ei6	确~实情	簡
係	∅ei6	确~实情	簡
繫	∅ei6	确~实情	簡
係	∅ei6	确~实情	簡
繫	∅ei6	确~实情	簡
閨	kuei1		簡
龜	kuei1		簡
歸	kuei1		簡
詭	kuei3		簡
軌	kuei3		簡
鮭	kuei5		簡
貴	kuei5		簡
櫃	kuei6		簡
規	kʰuei1		簡
虧	kʰuei1		簡
窺	kʰuei1		簡
餵	∅uei1	叹词	簡
揮	∅uei1		簡
輝	∅uei1		簡
爲	∅uei2	作~	簡
維	∅uei2		簡
遺	∅uei2		簡
違	∅uei2		簡
圍	∅uei2		簡
毀	∅uei3		簡
燬	∅uei3		簡
譭	∅uei3		簡
偉	∅uei4		簡
葦	∅uei4		簡
緯	∅uei4		簡
餵	∅uei5	动词	簡
衛	∅uei6		簡
爲	∅uei6	~什么	簡
諱	∅uei6		簡
謂	∅uei6		簡
蝟	∅uei6		簡
鰓	foᵃi1		簡
纔	foᵃi2		簡
財	foᵃi2		簡
賽	foᵃi5		簡
災	toᵃi1		簡
臺	toᵃi2		簡
檯	toᵃi2		簡
颱	toᵃi2		簡
臺	toᵃi2		簡
檯	toᵃi2		簡
颱	toᵃi2		簡
薹	toᵃi2		簡
載	toᵃi5	满~	簡
載	toᵃi5	满~	簡
載	toᵃi5	满~	簡
綵	tʰoᵃi3		簡
採	tʰoᵃi3		簡
寀	tʰoᵃi3		簡
來	loᵃi2		簡
該	koᵃi1		簡
蓋	koᵃi5		簡
開	hoᵃi1		簡
凱	hoᵃi3		簡
藹	∅oᵃi4		簡
諧	∅oᵃi4		簡
駭	∅oᵃi4		簡
愛	∅oᵃi5		簡
礙	∅oᵃi6		簡
飛	∅uiː1		簡
廢	∅uiː5		簡
費	∅uiː5		簡
賠	puiː2		簡
揹	puiː6	~诵	簡
盃	ɓuiː1		簡
揹	ɓuiː5	后~	簡
貝	ɓuiː5		簡
輩	ɓuiː5		簡
黴	muiː2		簡
雖	fuiː1		簡
隨	fuiː2		簡
歲	fuiː5		簡
綏	fuiː6		簡
隊	tuiː6		簡
兌	tuiː6		簡
蛻	tʰuiː5		簡
對	ɗuiː5		簡
內	nuiː6		簡
壘	luiː4		簡
類	luiː4		簡
淚	luiː6		簡
錐	tsuiː1		簡
綴	tsuiː5		簡
贅	tsuiː6		簡
墜	tsuiː6		簡
誰	suiː2		簡
錘	suiː2		簡
稅	suiː5		簡
帥	suiː6		簡
迴	∅uiː2		簡
賄	∅uiː3		簡
會	∅uiː4	~不~	簡
匯	∅uiː6		簡
彙	∅uiː6		簡
會	∅uiː6	~计	簡
繪	∅uiː6		簡
銳	∅iuːi6		簡
拋	pʰau1		簡
拋	pʰau1		簡
鮑	ɓau1		簡
飽	ɓau3		簡
貓	mau1		簡
鬧	nau6		簡
撈	lau1		簡
驟	tsau6		簡
鈔	tsʰau1		簡
綽	tsʰau1	~起棍子	簡
膠	kau1		簡
絞	kau3		簡
鉸	kau3		簡
攪	kau3		簡
攪	kau3		簡
餃	kau3		簡
敎	kau5	~育,~他去	簡
敎	kau5	~育,~他去	簡
較	kau5		簡
覺	kau5	睡~	簡
餚	ŋau2		簡
飄	pʰiu1		簡
標	ɓiu1		簡
錶	ɓiu1	手~	簡
錶	ɓiu3		簡
廟	miu6		簡
銷	fiu1		簡
蕭	fiu1		簡
簫	fiu1		簡
條	tiu2		簡
調	tiu6	~动	簡
調	tiu6	~动	簡
調	tiu6	~动	簡
鍬	tʰiu1		簡
鵰	ɗiu1		簡
丟	ɗiu1		簡
釣	ɗiu5		簡
弔	ɗiu5		簡
鳥	niu4		簡
遼	liu2		簡
瞭	liu4	明了	簡
療	liu6		簡
詔	tsiu5		簡
燒	siu1		簡
趙	siu6		簡
紹	siu6		簡
驕	kiu1		簡
嬌	kiu1		簡
喬	kiu2		簡
僑	kiu2		簡
蕎	kiu2		簡
橋	kiu2		簡
澆	kiu3		簡
繳	kiu3		簡
糾	kiu3		簡
矯	kiu6		簡
轎	kiu6		簡
竅	kʰiu5		簡
饒	ŋiu2		簡
堯	ŋiu2		簡
擾	ŋiu3		簡
繞	ŋiu3		簡
囂	hiu1		簡
僥	hiu1		簡
曉	hiu3		簡
搖	∅iu2		簡
搖	∅iu2		簡
謠	∅iu2		簡
窯	∅iu2		簡
謀	məu2		簡
畝	məu4		簡
貿	məu6		簡
謬	məu6		簡
脩	fəu1		簡
蒐	fəu3		簡
颼	fəu3		簡
餿	fəu3		簡
蒐	fəu3		簡
繡	fəu5		簡
鏽	fəu5		簡
鄒	təu1		簡
頭	təu2		簡
湊	təu5		簡
皺	təu5		簡
縐	təu5		簡
偸	tʰəu1		簡
鞦	tʰəu1		簡
㪗	tʰəu3		簡
鬥	ɗəu3	容器	簡
鬥	ɗəu5	~争	簡
紐	nəu3	~约	簡
紐	nəu4	~扣	簡
樓	ləu2		簡
劉	ləu2		簡
餾	ləu6		簡
週	tsəu1		簡
賙	tsəu1		簡
晝	tsəu1		簡
讎	tsəu2	姓	簡
紂	tsəu3		簡
紂	tsəu3		簡
舊	tsəu6		簡
醜	tsʰəu3		簡
綢	səu2		簡
籌	səu2		簡
讎	səu2		簡
獸	səu5		簡
壽	səu6		簡
鳩	kəu1		簡
溝	kəu1		簡
夠	kəu5		簡
溝	kʰəu1		簡
構	kʰəu5		簡
購	kʰəu5		簡
釦	kʰəu5		簡
鉤	ŋəu1		簡
摳	ŋəu1		簡
瞘	ŋəu1		簡
歐	∅əu1		簡
甌	∅əu1		簡
嘔	∅əu3		簡
毆	∅əu3		簡
後	∅əu4		簡
漚	∅əu5		簡
慪	∅əu5		簡
憂	∅iəu1		簡
優	∅iəu1		簡
郵	∅iəu2		簡
遊	∅iəu2		簡
猶	∅iəu2		簡
誘	∅iəu5		簡
蠶	fam2		簡
慚	fam2		簡
暫	fam6		簡
譚	tam2		簡
談	tam2		簡
貪	tʰam1		簡
參	tʰam1		簡
蔘	tʰam1		簡
慘	tʰam3		簡
擔	ɗam1	~任	簡
膽	ɗam3		簡
擔	ɗam5	挑~	簡
藍	lam2		簡
籃	lam2		簡
覽	lam3		簡
攬	lam3		簡
欖	lam3		簡
濫	lam6		簡
纜	lam6		簡
滲	sam5		簡
監	kam1	~视,~牢	簡
減	kam3		簡
檻	kam4		簡
尷	kam5		簡
鑑	kam5		簡
監	kam5	国子~	簡
鹹	∅am2		簡
鹹	∅am2		簡
餡	∅am6		簡
潛	fim6		簡
墊	tim6		簡
塡	tim6		簡
籤	tʰim1		簡
簽	tʰim1		簡
點	ɗim3		簡
鮎	nim1		簡
唸	nim6		簡
鐮	lim2		簡
簾	lim2		簡
斂	lim4		簡
臉	lim4		簡
殮	lim4		簡
霑	tsim1		簡
佔	tsim1	~卜	簡
佔	tsim5	~领	簡
嚴	ȵim2		簡
驗	ȵim6		簡
蟬	sim2		簡
禪	sim2		簡
陝	sim3		簡
閃	sim3		簡
檢	kim3		簡
儉	kim3		簡
劍	kim5		簡
謙	him1		簡
險	him3		簡
閹	∅im1		簡
鹽	∅im2		簡
閻	∅im2		簡
鹽	∅im2		簡
醃	∅im2		簡
厭	∅im5		簡
豔	∅im5		簡
尋	fəm2		簡
臨	ləm2		簡
針	tsəm1		簡
錦	tsəm3		簡
參	tsʰəm1	~差	簡
蔘	tsʰəm1	~差	簡
寢	tsʰəm3		簡
參	səm1	人~	簡
蔘	səm1	人~	簡
瀋	səm3		簡
審	səm3		簡
嬸	səm3		簡
撳	kəm6	按	簡
飮	ȵiəm3	~米汤	簡
飮	ȵiəm3	~米汤	簡
紉	ȵiəm6		簡
縫	ȵiəm6		簡
紉	ȵiəm6		簡
欽	∅iəm1		簡
陰	∅iəm1		簡
蔭	∅iəm1		簡
龕	hom1		簡
菴	∅om1		簡
闇	∅om5		簡
辦	pan6		簡
飯	pan6		簡
頒	ɓan1		簡
闆	ɓan3		簡
蠻	man2		簡
輓	man4		簡
饅	man6		簡
萬	man6		簡
殘	fan2		簡
煩	fan2		簡
礬	fan2		簡
傘	fan5		簡
範	fan6		簡
氾	fan6		簡
汎	fan6		簡
壇	tan2		簡
罈	tan2		簡
彈	tan2	~琴	簡
撣	tan3		簡
贊	tan5		簡
彈	tan6	子~	簡
灘	tʰan1		簡
攤	tʰan1		簡
嘆	tʰan5		簡
單	ɗan1	~独	簡
誕	ɗan5		簡
難	nan2	~易	簡
難	nan6	患~	簡
蘭	lan2		簡
攔	lan2		簡
欄	lan2		簡
懶	lan4		簡
爛	lan6		簡
盞	tsan3		簡
賺	tsan6		簡
綻	tsan6		簡
棧	tsan6		簡
鏟	tsʰan3		簡
燦	tsʰan5		簡
刪	san1		簡
產	san3		簡
艱	kan1		簡
間	kan1	空~,中~	簡
姦	kan1		簡
簡	kan3		簡
揀	kan3		簡
繭	kan3		簡
間	kan5	~断,~或	簡
諫	kan5		簡
顏	ŋan2		簡
頑	ŋan2		簡
閒	∅an2		簡
閑	∅an2		簡
鰥	kuan1		簡
關	kuan1		簡
慣	kuan5		簡
彎	∅uan1		簡
灣	∅uan1		簡
還	∅uan2	~有	簡
還	∅uan2	~有	簡
環	∅uan2		簡
販	∅uan3		簡
翫	∅uan4		簡
辮	pin4		簡
辯	pin6		簡
騙	pʰin5		簡
編	ɓin1		簡
邊	ɓin1		簡
貶	ɓin3		簡
變	ɓin5		簡
綿	min2		簡
緬	min4		簡
澠	min4		簡
麪	min6		簡
鮮	fin1	新~	簡
錢	fin2		簡
鮮	fin3	~少	簡
蘚	fin3		簡
踐	fin4		簡
線	fin5		簡
漸	fin6		簡
賤	fin6		簡
餞	fin6		簡
羨	fin6		簡
塡	tin2		簡
濺	tin5		簡
薦	tin5		簡
電	tin6		簡
遷	tʰin1		簡
韆	tʰin1		簡
淺	tʰin3		簡
顚	ɗin1		簡
攆	nin3		簡
連	lin2		簡
憐	lin2		簡
蓮	lin2		簡
練	lin6		簡
煉	lin6		簡
氈	tsin1		簡
戰	tsin5		簡
硏	ȵin2		簡
纏	sin2		簡
單	sin6	姓	簡
禪	sin6	~让	簡
堅	kin1		簡
見	kin5		簡
鍵	kin6		簡
軒	hin1		簡
牽	hin1		簡
顯	hin3		簡
憲	hin5		簡
獻	hin5		簡
煙	∅in1		簡
菸	∅in1		簡
賢	∅in2		簡
絃	∅in2		簡
嚥	∅in5		簡
諺	∅in6		簡
硯	∅in6		簡
現	∅in6		簡
盤	pun2		簡
絆	ɓun5		簡
瞞	mun2		簡
謾	mun2		簡
門	mun2		簡
滿	mun4		簡
悶	mun5		簡
痠	fun1		簡
孫	fun1		簡
選	fun3		簡
損	fun3		簡
鏇	fun6	~吃~做	簡
鑽	tun1	动词	簡
團	tun2		簡
糰	tun2		簡
鑽	tun5	木用工具	簡
斷	ɗun4	~绝	簡
斷	ɗun6	决~	簡
鍛	ɗun6		簡
緞	ɗun6		簡
鸞	lun2		簡
戀	lun4		簡
亂	lun6		簡
觀	kun1	参~	簡
館	kun3		簡
貫	kun5		簡
觀	kun5	~寺	簡
寬	∅un1		簡
歡	∅un1		簡
緩	∅un4		簡
翫	∅un4	古~,游~	簡
喚	∅un6		簡
煥	∅un6		簡
換	∅un6		簡
聯	lyn2		簡
專	tsyn1		簡
磚	tsyn1		簡
轉	tsyn3	~螺丝	簡
轉	tsyn3	~螺丝	簡
傳	tsyn5	传记	簡
軟	ȵyn4		簡
願	ȵyn6		簡
鏇	syn2		簡
傳	syn2	~达	簡
絹	kyn1		簡
權	kyn2		簡
顴	kyn2		簡
捲	kyn3		簡
勸	hyn5		簡
淵	∅yn1		簡
圓	∅yn2		簡
員	∅yn2		簡
緣	∅yn2		簡
鉛	∅yn2		簡
轅	∅yn2		簡
園	∅yn2		簡
懸	∅yn2		簡
遠	∅yn4		簡
縣	∅yn6		簡
貧	pən2		簡
頻	pən2		簡
墳	pən2		簡
噴	pʰən5	~香,~嚏	簡
噴	pʰən5	~香,~嚏	簡
賓	ɓən1		簡
檳	ɓən1		簡
殯	ɓən1		簡
鬢	ɓən1		簡
錛	ɓən1		簡
稟	ɓən3		簡
稟	ɓən3		簡
糞	ɓən6		簡
閩	mən2		簡
紋	mən2		簡
聞	mən2		簡
憫	mən4		簡
問	mən6		簡
燻	fən1		簡
勳	fən1		簡
葷	fən1		簡
盡	fən4		簡
儘	fən4		簡
憤	fən4		簡
訊	fən5		簡
訓	fən5		簡
奮	fən6		簡
鈍	tən2		簡
進	tən5		簡
晉	tən5		簡
儁	tən5		簡
親	tʰən1	~家	簡
親	tʰən1	~家	簡
飩	tʰən1		簡
頓	ɗən3		簡
鄰	lən2		簡
鱗	lən2		簡
倫	lən2		簡
淪	lən2		簡
輪	lən2		簡
論	lən6	议~	簡
侖	lən6		簡
崙	lən6		簡
論	lən6	议~	簡
眞	tsən1		簡
診	tsən3		簡
緊	tsən3		簡
僅	tsən3		簡
謹	tsən3		簡
準	tsən3		簡
鎭	tsən5		簡
陣	tsən6		簡
襯	tsʰən5		簡
認	ȵən6		簡
韌	ȵən6		簡
陳	sən2		簡
塵	sən2		簡
脣	sən2		簡
純	sən2		簡
腎	sən4		簡
愼	sən6		簡
順	sən6		簡
銀	ŋən2		簡
懇	hən3		簡
墾	hən3		簡
潤	ȵiən6		簡
閏	ȵiən6		簡
隱	∅iən3		簡
鈞	kuən1		簡
軍	kuən1		簡
羣	kuən2		簡
滾	kuən3		簡
崑	kʰuən1		簡
睏	kʰuən5		簡
溫	∅uən1		簡
紛	∅uən1		簡
餛	∅uən2		簡
渾	∅uən2		簡
勻	∅uən2		簡
雲	∅uən2		簡
暈	∅uən2		簡
穩	∅uən3		簡
韻	∅uən6		簡
運	∅uən6		簡
幹	koᵃn1	~湿	簡
乾	koᵃn1	~湿	簡
幹	koᵃn1	~湿	簡
乾	koᵃn1	~湿	簡
桿	koᵃn3		簡
稈	koᵃn3		簡
稈	koᵃn3		簡
漢	hoᵃn5		簡
韓	∅oᵃn2		簡
爭	tsaŋ1		簡
箏	tsaŋ1		簡
睜	tsaŋ1		簡
撐	tsʰaŋ5		簡
倖	∅aŋ6		簡
橫	∅uaŋ2	蛮~	簡
橫	∅uaŋ2	蛮~	簡
評	peŋ2		簡
甁	peŋ2		簡
屛	peŋ2		簡
並	peŋ4	~且	簡
倂	peŋ4	~且	簡
幷	peŋ4	~且	簡
餠	ɓeŋ3		簡
並	ɓeŋ3	合~	簡
倂	ɓeŋ3	合~	簡
幷	ɓeŋ3	合~	簡
鳴	meŋ2		簡
銘	meŋ2		簡
靜	feŋ4		簡
淨	feŋ6		簡
錠	teŋ4		簡
鋌	teŋ4		簡
淸	tʰeŋ1		簡
廳	tʰeŋ1		簡
靑	tʰeŋ1		簡
請	tʰeŋ3		簡
聽	tʰeŋ5		簡
釘	ɗeŋ1		簡
頂	ɗeŋ3		簡
訂	ɗeŋ6	~约	簡
寧	neŋ2		簡
淩	leŋ2		簡
靈	leŋ2		簡
鈴	leŋ2		簡
領	leŋ4		簡
嶺	leŋ4		簡
徵	tseŋ1		簡
貞	tseŋ1		簡
偵	tseŋ1		簡
徵	tseŋ1		簡
證	tseŋ5		簡
証	tseŋ5		簡
癥	tseŋ5		簡
證	tseŋ5		簡
証	tseŋ5		簡
鄭	tseŋ6		簡
稱	tsʰeŋ1	相~	簡
稱	tsʰeŋ1	相~	簡
昇	seŋ1		簡
聲	seŋ1		簡
懲	seŋ2		簡
繩	seŋ2		簡
蠅	seŋ2		簡
誠	seŋ2		簡
勝	seŋ5		簡
聖	seŋ5		簡
荊	keŋ1		簡
驚	keŋ1		簡
鯨	keŋ1		簡
經	keŋ1		簡
頸	keŋ3		簡
鏡	keŋ5		簡
競	keŋ6		簡
勁	keŋ6		簡
徑	keŋ6		簡
瓊	keŋ6		簡
傾	kʰeŋ1		簡
頃	kʰeŋ3		簡
輕	heŋ1		簡
興	heŋ5		簡
應	∅ieŋ1	~当,~用	簡
鷹	∅ieŋ1		簡
鶯	∅ieŋ1		簡
鸚	∅ieŋ1		簡
櫻	∅ieŋ1		簡
嬰	∅ieŋ1		簡
纓	∅ieŋ1		簡
贏	∅ieŋ2		簡
螢	∅ieŋ2		簡
滎	∅ieŋ2		簡
應	∅ieŋ5	~对,响~	簡
榮	∅ueŋ2		簡
營	∅ueŋ2		簡
詠	∅ueŋ4		簡
穎	∅ueŋ4		簡
謗	pøᵃŋ6		簡
钁	pʰøᵃŋ5		簡
鐝	pʰøᵃŋ5		簡
幫	ɓøᵃŋ1		簡
綁	ɓøᵃŋ3		簡
網	møᵃŋ4		簡
輞	møᵃŋ4		簡
喪	føᵃŋ1	~事	簡
彷	føᵃŋ3		簡
訪	føᵃŋ3		簡
喪	føᵃŋ5	~失	簡
髒	føᵃŋ6		簡
臟	føᵃŋ6		簡
贓	tøᵃŋ1		簡
蕩	tøᵃŋ6		簡
湯	tʰøᵃŋ1		簡
倉	tʰøᵃŋ1		簡
蒼	tʰøᵃŋ1		簡
當	ɗøᵃŋ1	~时,应~	簡
黨	ɗøᵃŋ3		簡
當	ɗøᵃŋ3		簡
擋	ɗøᵃŋ3		簡
當	ɗøᵃŋ5	~作,典~	簡
郞	løᵃŋ2		簡
莊	tsøᵃŋ1		簡
裝	tsøᵃŋ1		簡
樁	tsøᵃŋ1		簡
壯	tsøᵃŋ6		簡
狀	tsøᵃŋ6		簡
瘡	tsʰøᵃŋ1		簡
闖	tsʰøᵃŋ3		簡
搶	tsʰøᵃŋ3		簡
創	tsʰøᵃŋ5		簡
雙	søᵃŋ1		簡
牀	søᵃŋ2		簡
岡	køᵃŋ1		簡
崗	køᵃŋ1		簡
剛	køᵃŋ1		簡
綱	køᵃŋ1		簡
鋼	køᵃŋ1		簡
講	køᵃŋ3		簡
鋼	køᵃŋ5	刀钝了,~~	簡
項	∅øᵃŋ4		簡
廣	kuøᵃŋ3		簡
曠	kʰuøᵃŋ5		簡
況	kʰuøᵃŋ5		簡
礦	kʰuøᵃŋ5		簡
黃	∅uøᵃŋ2		簡
彷	∅uøᵃŋ2	相似	簡
謊	∅uøᵃŋ3		簡
彷	∅uøᵃŋ3	~效	簡
廂	feᵃŋ1		簡
鑲	feᵃŋ1		簡
牆	feᵃŋ2		簡
詳	feᵃŋ2		簡
將	teᵃŋ1	~来	簡
漿	teᵃŋ1		簡
蔣	teᵃŋ3		簡
獎	teᵃŋ3		簡
槳	teᵃŋ3		簡
醬	teᵃŋ5		簡
將	teᵃŋ5	大~	簡
槍	tʰeᵃŋ1		簡
搶	tʰeᵃŋ3		簡
孃	neᵃŋ2		簡
釀	neᵃŋ6		簡
涼	leᵃŋ2		簡
糧	leᵃŋ2		簡
樑	leᵃŋ2		簡
兩	leᵃŋ3	几~几钱	簡
輛	leᵃŋ3		簡
兩	leᵃŋ3	几~几钱	簡
兩	leᵃŋ4	~个	簡
諒	leᵃŋ6		簡
張	tseᵃŋ1		簡
長	tseᵃŋ3	生~	簡
漲	tseᵃŋ3		簡
帳	tseᵃŋ5		簡
賬	tseᵃŋ5		簡
帳	tseᵃŋ5		簡
脹	tseᵃŋ5		簡
廠	tsʰeᵃŋ3		簡
暢	tsʰeᵃŋ5		簡
傷	seᵃŋ1		簡
長	seᵃŋ2	~短	簡
腸	seᵃŋ2		簡
場	seᵃŋ2		簡
嘗	seᵃŋ2		簡
償	seᵃŋ2		簡
賞	seᵃŋ3		簡
尙	seᵃŋ6		簡
殭	keᵃŋ1		簡
薑	keᵃŋ1		簡
繮	keᵃŋ1		簡
強	keᵃŋ2	~大	簡
強	kʰeᵃŋ3	勉~	簡
讓	ŋeᵃŋ6		簡
鄕	heᵃŋ1		簡
饗	heᵃŋ3		簡
餉	heᵃŋ3		簡
嚮	heᵃŋ5		簡
曏	heᵃŋ5		簡
楊	∅ieᵃŋ2		簡
陽	∅ieᵃŋ2		簡
揚	∅ieᵃŋ2		簡
瘍	∅ieᵃŋ2		簡
養	∅ieᵃŋ4		簡
樣	∅ieᵃŋ6		簡
龐	pəŋ2		簡
憑	pəŋ2		簡
層	fəŋ2		簡
贈	fəŋ6		簡
騰	təŋ2		簡
謄	təŋ2		簡
鄧	təŋ6		簡
燈	ɗəŋ1		簡
恆	∅əŋ2		簡
馮	poŋ2		簡
縫	poŋ2	~衣服	簡
矇	moŋ2		簡
濛	moŋ2		簡
懞	moŋ2		簡
夢	moŋ6		簡
鬆	foŋ1	~紧	簡
叢	foŋ2		簡
從	foŋ2		簡
鬆	foŋ2	~树	簡
諷	foŋ3		簡
誦	foŋ5		簡
頌	foŋ5		簡
訟	foŋ5		簡
鳳	foŋ6		簡
縫	foŋ6	一条~	簡
綜	toŋ1		簡
蹤	toŋ1		簡
縱	toŋ1	~横	簡
衕	toŋ2		簡
銅	toŋ2		簡
總	toŋ3		簡
動	toŋ4		簡
糉	toŋ5		簡
慫	toŋ5		簡
縱	toŋ5	放~	簡
棟	toŋ6		簡
聰	tʰoŋ1		簡
蔥	tʰoŋ1		簡
囪	tʰoŋ1		簡
囪	tʰoŋ1		簡
統	tʰoŋ3		簡
東	ɗoŋ1		簡
鼕	ɗoŋ1		簡
凍	ɗoŋ5		簡
儂	noŋ1		簡
農	noŋ2		簡
膿	noŋ2		簡
濃	noŋ2		簡
籠	loŋ2		簡
聾	loŋ2		簡
龍	loŋ2		簡
隴	loŋ2		簡
攏	loŋ4		簡
終	tsoŋ1		簡
鍾	tsoŋ1		簡
鐘	tsoŋ1		簡
鈡	tsoŋ1		簡
窮	tsoŋ2		簡
種	tsoŋ3	~类	簡
腫	tsoŋ3		簡
種	tsoŋ5	~树	簡
衆	tsoŋ6		簡
衝	tsʰoŋ1		簡
沖	tsʰoŋ1		簡
銃	tsʰoŋ3		簡
寵	tsʰoŋ3		簡
蟲	soŋ2		簡
宮	koŋ1		簡
鞏	koŋ3		簡
貢	koŋ6		簡
兇	hoŋ1		簡
鬨	hoŋ5		簡
鬨	hoŋ5		簡
紅	∅oŋ2		簡
鴻	∅oŋ2		簡
癰	∅ioŋ1		簡
絨	∅ioŋ2		簡
擁	∅ioŋ3		簡
湧	∅ioŋ4		簡
風	∅uoŋ1		簡
楓	∅uoŋ1		簡
瘋	∅uoŋ1		簡
豐	∅uoŋ1		簡
峯	∅uoŋ1		簡
鋒	∅uoŋ1		簡
雜	fap8		簡
納	nap8		簡
臘	lap8		簡
蠟	lap8		簡
閘	tsap8		簡
鍘	tsap8		簡
夾	kap8		簡
狹	∅ap8		簡
峽	∅ap8		簡
疊	tip8		簡
諜	tip8		簡
聶	nip8		簡
業	ȵip8		簡
葉	∅ip8		簡
輯	fəp8		簡
習	fəp8		簡
襲	fəp8		簡
閤	∅op8		簡
襪	mat8		簡
罰	fat8		簡
達	tat8		簡
別	ɓit8		簡
彆	ɓit8		簡
別	ɓit8		簡
滅	mit8		簡
衊	mit8		簡
獵	lit8		簡
熱	ȵit8		簡
傑	kit8		簡
沒	mut8	~有	簡
沒	mut8	~有	簡
奪	tut8		簡
絕	lut8		簡
悅	∅yt8		簡
閱	∅yt8		簡
粵	∅yt8		簡
彿	fət8		簡
慄	lət8		簡
實	sət8		簡
術	sət8		簡
朮	sət8		簡
覈	∅ət8	审~	簡
覈	∅uət8	果子~	簡
麥	mak8		簡
脈	mak8		簡
澤	tsak8		簡
擇	tsak8		簡
額	ŋak8		簡
劃	∅uak8	计~	簡
獲	∅uak8		簡
穫	∅uak8		簡
劃	∅uak8	计~	簡
蓆	fek8		簡
敵	tek8		簡
歷	lek8		簡
曆	lek8		簡
値	tsek8		簡
蟄	sek8		簡
蝕	sek8		簡
極	kek8		簡
劇	kek8	戏~	簡
譯	∅iek8		簡
鑿	føᵃk8		簡
鐸	tøᵃk8		簡
諾	nøᵃk8		簡
絡	løᵃk8		簡
樂	løᵃk8	快~	簡
濁	søᵃk8		簡
嶽	ŋøᵃk8		簡
樂	ŋøᵃk8	音~	簡
學	∅øᵃk8		簡
鑊	∅uøᵃk8		簡
鍋	∅uøᵃk8		簡
瘧	ȵeᵃk8		簡
藥	∅ieᵃk8		簡
賊	fək8		簡
續	fok8		簡
獨	tok8		簡
讀	tok8		簡
牘	tok8		簡
犢	tok8		簡
祿	lok8		簡
祿	lok8		簡
陸	lok8		簡
綠	lok8		簡
錄	lok8		簡
彔	lok8		簡
軸	tsok8		簡
贖	sok8		簡
屬	sok8		簡
侷	kok8		簡
獄	∅iok8		簡
慾	∅iok8		簡
吳	∅ŋ̍2		簡
吳	∅ŋ̍2		簡
誤	∅ŋ̍6		簡
